review_id,review_text,star_rating,date,business_name,business_category,platform,aspects,aspect_sentiments,aspect,sentiment,macro_category,clean_text,token_count,char_count,flag_reason
1712,"الموسيقى غير مناسبة للمكان وصاحبة جدا
الستاف لطيف
والاكل جيد
والحمام نضيف
والاسعار مناسبة إلى حد ما
حبيت المكان",4,قبل شهر,مقهى بوخارست بلاك,مقهى,google_maps,"[""ambiance"", ""service"", ""food"", ""cleanliness"", ""price""]","{""ambiance"": ""negative"", ""service"": ""positive"", ""food"": ""positive"", ""cleanliness"": ""positive"", ""price"": ""neutral""}",ambiance,negative,food_beverage,الموسيقى غير مناسبة للمكان وصاحبة جدا الستاف لطيف والاكل جيد والحمام نضيف والاسعار مناسبة الى حد ما حبيت المكان,19,111,4★ + negative
524,الاكل ليس كما يجب لاطعم وبارد البطاطا الحره لاتشبه البطاطا مع انه الخدمه رائعه والسعر أعلى من مطعم إيطالي اكلنا فيه قبل بيوم كان ٥ستارز خساره يغيرو الشيف,1,قبل أسبوع,أبو العز السوري,مطعم مأكولات سورية,google_maps,"[""food"", ""service"", ""price""]","{""food"": ""negative"", ""service"": ""positive"", ""price"": ""negative""}",service,positive,food_beverage,الاكل ليس كما يجب لاطعم وبارد البطاطا الحره لاتشبه البطاطا مع انه الخدمه رائعه والسعر اعلى من مطعم ايطالي اكلنا فيه قبل بيوم كان ٥ستارز خساره يغيرو الشيف,28,153,1★ + positive
5807,"اشكر الدكتوره / نهئ يس ام ياسين   دكتوره اسنان ممتازه جدا وتعامله جدددا راقي وحبوبه  من قلبه الله يوفقك يارب
وكل سنه وانتي طيبه",1,قبل سنتين,عيادة دكتورة نهى يس عبد الرحمن,عِيادة أسنان,google_maps,"[""service""]","{""service"": ""positive""}",service,positive,healthcare,اشكر الدكتوره / نهئ يس ام ياسين دكتوره اسنان ممتازه جدا وتعامله جددا راقي وحبوبه من قلبه الله يوفقك يارب وكل سنه وانتي طيبه,24,123,1★ + positive
6635,بس شوي بطين,5,2026-02-18 00:00:00,Careem,transport,play_store,"[""service""]","{""service"": ""negative""}",service,negative,transport,بس شوي بطين,3,11,5★ + negative
1340,مول عجيب مش عارف له اول من اخر تدوخ عشان تدخل و تطلع,4,قبل أسبوعين,بارك مول,مركز تسوق,google_maps,"[""ambiance""]","{""ambiance"": ""negative""}",ambiance,negative,retail,مول عجيب مش عارف له اول من اخر تدوخ عشان تدخل و تطلع,13,52,4★ + negative
4325,الاسعار غاليه جدا,4,قبل 3 سنوات,Mazzika,مقهى,google_maps,"[""price""]","{""price"": ""negative""}",price,negative,food_beverage,الاسعار غاليه جدا,3,17,4★ + negative
1263,الاكل كويس إنما زحام وعدم تنظيم,2,قبل يوم واحد,فول وحيد العظيم,مطعم للإفطار,google_maps,"[""food"", ""ambiance""]","{""food"": ""positive"", ""ambiance"": ""negative""}",food,positive,food_beverage,الاكل كويس انما زحام وعدم تنظيم,6,31,2★ + positive
1858,الاكل لذيذ العاملين يحتاج لهم اكثر رقابه في نظافة الطاولات و خدمة العميل بشكل سريع طبعاً افضل بكثير من الفرع القديم المقابل له فالزمالك .,4,قبل شهر,طبالي - الزمالك,مطعم,google_maps,"[""food"", ""cleanliness"", ""service""]","{""food"": ""positive"", ""cleanliness"": ""negative"", ""service"": ""negative""}",cleanliness,negative,food_beverage,الاكل لذيذ العاملين يحتاج لهم اكثر رقابه في نظافة الطاولات و خدمة العميل بشكل سريع طبعا افضل بكثير من الفرع القديم المقابل له فالزمالك .,25,136,4★ + negative
1858,الاكل لذيذ العاملين يحتاج لهم اكثر رقابه في نظافة الطاولات و خدمة العميل بشكل سريع طبعاً افضل بكثير من الفرع القديم المقابل له فالزمالك .,4,قبل شهر,طبالي - الزمالك,مطعم,google_maps,"[""food"", ""cleanliness"", ""service""]","{""food"": ""positive"", ""cleanliness"": ""negative"", ""service"": ""negative""}",service,negative,food_beverage,الاكل لذيذ العاملين يحتاج لهم اكثر رقابه في نظافة الطاولات و خدمة العميل بشكل سريع طبعا افضل بكثير من الفرع القديم المقابل له فالزمالك .,25,136,4★ + negative
84,"⭐ التقييم العام: 4 من 5

الإيجابيات:
•	موقع مميز جدًا على نهر النيل وفي قلب وسط البلد.
•	إطلالة الغرف المطلة على النيل جميلة وتستحق التجربة.
•	مستوى الأمان عالٍ داخل الفندق.
•	موظفو الاستقبال محترمون ومتعاونون، خاصة فريق Hilton Honors (الأستاذة فاطمة، هدير، وهاجر).
•	وجود خدمات داخل الفندق مثل بنك الأهلي المصري وسوبرماركت.
•	مكان معروف وخدمته بشكل عام جيدة.

السلبيات:
•	الأثاث قديم والمبنى واضح عليه العمر، ولا يعكس مستوى سلسلة هيلتون.
•	نظافة الغرف دون المستوى المطلوب (نقص في المستلزمات مثل المناشف، قبعة الاستحمام، وصحن الصابون).
•	جودة المناشف وشراشف السرير وبياضها أقل من المتوقع.
•	ازدحام شديد في الاستقبال وكثرة عدد النزلاء.
•	موظفو النظافة بحاجة لمزيد من الإشراف والتدريب.
•	أسعار الغرف مرتفعة مقارنة بالمستوى الفعلي.
•	أسعار الأكل داخل الفندق مرتفعة جدًا.
•	المنطقة المحيطة حيوية لكنها مزدحمة طوال اليوم، وغير مناسبة لمن يبحث عن الهدوء.

الخلاصة:
الفندق مناسب لمن يهمه الموقع الحيوي والقرب من وسط القاهرة والاستمتاع بإطلالة النيل، لكنه لا يرقى لمستوى 5 نجوم من حيث الأثاث والنظافة مقارنة بالسعر. تجربة جميلة بسبب الموقع والإطلالة، لكن القيمة مقابل السعر أقل من المتوقع",5,قبل يوم واحد,هيلتون رمسيس,فندق,google_maps,"[""ambiance"", ""service"", ""cleanliness"", ""price""]","{""ambiance"": ""neutral"", ""service"": ""neutral"", ""cleanliness"": ""negative"", ""price"": ""negative""}",cleanliness,negative,hospitality,⭐ التقييم العام: 4 من 5 الايجابيات: •	موقع مميز جدا على نهر النيل وفي قلب وسط البلد. •	اطلالة الغرف المطلة على النيل جميلة وتستحق التجربة. •	مستوى الامان عال داخل الفندق. •	موظفو الاستقبال محترمون ومتعاونون، خاصة فريق Hilton Honors (الاستاذة فاطمة، هدير، وهاجر). •	وجود خدمات داخل الفندق مثل بنك الاهلي المصري وسوبرماركت. •	مكان معروف وخدمته بشكل عام جيدة. السلبيات: •	الاثاث قديم والمبنى واضح عليه العمر، ولا يعكس مستوى سلسلة هيلتون. •	نظافة الغرف دون المستوى المطلوب (نقص في المستلزمات مثل المناشف، قبعة الاستحمام، وصحن الصابون). •	جودة المناشف وشراشف السرير وبياضها اقل من المتوقع. •	ازدحام شديد في الاستقبال وكثرة عدد النزلاء. •	موظفو النظافة بحاجة لمزيد من الاشراف والتدريب. •	اسعار الغرف مرتفعة مقارنة بالمستوى الفعلي. •	اسعار الاكل داخل الفندق مرتفعة جدا. •	المنطقة المحيطة حيوية لكنها مزدحمة طوال اليوم، وغير مناسبة لمن يبحث عن الهدوء. الخلاصة: الفندق مناسب لمن يهمه الموقع الحيوي والقرب من وسط القاهرة والاستمتاع باطلالة النيل، لكنه لا يرقى لمستوى 5 نجوم من حيث الاثاث والنظافة مقارنة بالسعر. تجربة جميلة بسبب الموقع والاطلالة، لكن القيمة مقابل السعر اقل من المتوقع,182,1074,5★ + negative
84,"⭐ التقييم العام: 4 من 5

الإيجابيات:
•	موقع مميز جدًا على نهر النيل وفي قلب وسط البلد.
•	إطلالة الغرف المطلة على النيل جميلة وتستحق التجربة.
•	مستوى الأمان عالٍ داخل الفندق.
•	موظفو الاستقبال محترمون ومتعاونون، خاصة فريق Hilton Honors (الأستاذة فاطمة، هدير، وهاجر).
•	وجود خدمات داخل الفندق مثل بنك الأهلي المصري وسوبرماركت.
•	مكان معروف وخدمته بشكل عام جيدة.

السلبيات:
•	الأثاث قديم والمبنى واضح عليه العمر، ولا يعكس مستوى سلسلة هيلتون.
•	نظافة الغرف دون المستوى المطلوب (نقص في المستلزمات مثل المناشف، قبعة الاستحمام، وصحن الصابون).
•	جودة المناشف وشراشف السرير وبياضها أقل من المتوقع.
•	ازدحام شديد في الاستقبال وكثرة عدد النزلاء.
•	موظفو النظافة بحاجة لمزيد من الإشراف والتدريب.
•	أسعار الغرف مرتفعة مقارنة بالمستوى الفعلي.
•	أسعار الأكل داخل الفندق مرتفعة جدًا.
•	المنطقة المحيطة حيوية لكنها مزدحمة طوال اليوم، وغير مناسبة لمن يبحث عن الهدوء.

الخلاصة:
الفندق مناسب لمن يهمه الموقع الحيوي والقرب من وسط القاهرة والاستمتاع بإطلالة النيل، لكنه لا يرقى لمستوى 5 نجوم من حيث الأثاث والنظافة مقارنة بالسعر. تجربة جميلة بسبب الموقع والإطلالة، لكن القيمة مقابل السعر أقل من المتوقع",5,قبل يوم واحد,هيلتون رمسيس,فندق,google_maps,"[""ambiance"", ""service"", ""cleanliness"", ""price""]","{""ambiance"": ""neutral"", ""service"": ""neutral"", ""cleanliness"": ""negative"", ""price"": ""negative""}",price,negative,hospitality,⭐ التقييم العام: 4 من 5 الايجابيات: •	موقع مميز جدا على نهر النيل وفي قلب وسط البلد. •	اطلالة الغرف المطلة على النيل جميلة وتستحق التجربة. •	مستوى الامان عال داخل الفندق. •	موظفو الاستقبال محترمون ومتعاونون، خاصة فريق Hilton Honors (الاستاذة فاطمة، هدير، وهاجر). •	وجود خدمات داخل الفندق مثل بنك الاهلي المصري وسوبرماركت. •	مكان معروف وخدمته بشكل عام جيدة. السلبيات: •	الاثاث قديم والمبنى واضح عليه العمر، ولا يعكس مستوى سلسلة هيلتون. •	نظافة الغرف دون المستوى المطلوب (نقص في المستلزمات مثل المناشف، قبعة الاستحمام، وصحن الصابون). •	جودة المناشف وشراشف السرير وبياضها اقل من المتوقع. •	ازدحام شديد في الاستقبال وكثرة عدد النزلاء. •	موظفو النظافة بحاجة لمزيد من الاشراف والتدريب. •	اسعار الغرف مرتفعة مقارنة بالمستوى الفعلي. •	اسعار الاكل داخل الفندق مرتفعة جدا. •	المنطقة المحيطة حيوية لكنها مزدحمة طوال اليوم، وغير مناسبة لمن يبحث عن الهدوء. الخلاصة: الفندق مناسب لمن يهمه الموقع الحيوي والقرب من وسط القاهرة والاستمتاع باطلالة النيل، لكنه لا يرقى لمستوى 5 نجوم من حيث الاثاث والنظافة مقارنة بالسعر. تجربة جميلة بسبب الموقع والاطلالة، لكن القيمة مقابل السعر اقل من المتوقع,182,1074,5★ + negative
1409,الطعم كانه اكل مستشفيات بدون ملح ، الخدمه ممتازه بس طعم الاكل تعبان,1,قبل شهر,مطعم السدة للمأكولات اليمنية,مطعم يمني,google_maps,"[""food"", ""service""]","{""food"": ""negative"", ""service"": ""positive""}",service,positive,food_beverage,الطعم كانه اكل مستشفيات بدون ملح ، الخدمه ممتازه بس طعم الاكل تعبان,13,67,1★ + positive
581,"المطعم يبرد القلب وقريب لاكلنا والنكهة بعد جيته فوق ٤ مرات وكل مره يكون الاكل بنفس الجوده
لذيذ جداا الاكل عندهم من ورق العنب والفريك بلحمه حتى المشواي لذيذه والخدمة سرعين ومتعاونين مشكله بصوت الموسيقى عالي شوي وريحه الشيشه
بس اكرر التجربة",5,قبل شهر,بيت ورد,مطعم مأكولات لبنانية,google_maps,"[""food"", ""service"", ""ambiance""]","{""food"": ""positive"", ""service"": ""positive"", ""ambiance"": ""negative""}",ambiance,negative,food_beverage,المطعم يبرد القلب وقريب لاكلنا والنكهة بعد جيته فوق ٤ مرات وكل مره يكون الاكل بنفس الجوده لذيذ جداا الاكل عندهم من ورق العنب والفريك بلحمه حتى المشواي لذيذه والخدمة سرعين ومتعاونين مشكله بصوت الموسيقى عالي شوي وريحه الشيشه بس اكرر التجربة,42,238,5★ + negative
9745,التطبيق كان ممتاز جدا بس الان لايريد التثبيت. بعد محاولات كثيره,5,2026-02-20 00:00:00,Booking,travel,play_store,"[""app_experience""]","{""app_experience"": ""negative""}",app_experience,negative,hospitality,التطبيق كان ممتاز جدا بس الان لايريد التثبيت. بعد محاولات كثيره,11,63,5★ + negative
3357,جامد اوي بس لو الدنيا تمشي أسرع شوية هيكون احسن بكتير,4,قبل 4 أشهر,مطعم المصطفى,مطعم,google_maps,"[""food"", ""service""]","{""food"": ""positive"", ""service"": ""negative""}",service,negative,food_beverage,جامد اوي بس لو الدنيا تمشي اسرع شوية هيكون احسن بكتير,11,53,4★ + negative
2941,بجد المكان ممتاز اديلو 1000 من 10 وحابه اشكر الكابتن عبدالله علي حسن علي الضيافه معاه,1,قبل شهرين,قديمو,مطعم,google_maps,"[""ambiance"", ""service""]","{""ambiance"": ""positive"", ""service"": ""positive""}",ambiance,positive,food_beverage,بجد المكان ممتاز اديلو 100 من 10 وحابه اشكر الكابتن عبدالله علي حسن علي الضيافه معاه,16,84,1★ + positive
2941,بجد المكان ممتاز اديلو 1000 من 10 وحابه اشكر الكابتن عبدالله علي حسن علي الضيافه معاه,1,قبل شهرين,قديمو,مطعم,google_maps,"[""ambiance"", ""service""]","{""ambiance"": ""positive"", ""service"": ""positive""}",service,positive,food_beverage,بجد المكان ممتاز اديلو 100 من 10 وحابه اشكر الكابتن عبدالله علي حسن علي الضيافه معاه,16,84,1★ + positive
8429,تطبيق جيد بعد التحديث ولكن ينقصه الدقه فى بعض التفاصيل الخاصة بتقييم العقارات لانه بيحدد المنطقه كلها بمتوسط سعر معيّن بدون الاخذ فى الاعتبار تشطيب الشقه لوكس او سوبر لوكس او الالترا لوكس او مكانها فى الدور الاول ولا الاخير ومقدرش استخدم الخريطه عشان احدد الشارع او البيت بالتحديد الدقيق وشكرا,5,2023-04-12 00:00:00,Aqarmap,real_estate,play_store,"[""app_experience""]","{""app_experience"": ""negative""}",app_experience,negative,digital,تطبيق جيد بعد التحديث ولكن ينقصه الدقه فى بعض التفاصيل الخاصة بتقييم العقارات لانه بيحدد المنطقه كلها بمتوسط سعر معين بدون الاخذ فى الاعتبار تشطيب الشقه لوكس او سوبر لوكس او الالترا لوكس او مكانها فى الدور الاول ولا الاخير ومقدرش استخدم الخريطه عشان احدد الشارع او البيت بالتحديد الدقيق وشكرا,51,292,5★ + negative
2183,مكان جميل واخت ولا انسانه راقيه وتعامل الموظفين جدا ممتاز لايوجد خدمة لحمل الشنط النزيل هو من يحمل اغراضة لايوجد سيف بوكس كذلك سليبر,5,تاريخ التعديل: قبل شهر,فندق اطلس,فندق,google_maps,"[""ambiance"", ""service""]","{""ambiance"": ""positive"", ""service"": ""negative""}",service,negative,hospitality,مكان جميل واخت ولا انسانه راقيه وتعامل الموظفين جدا ممتاز لايوجد خدمة لحمل الشنط النزيل هو من يحمل اغراضة لايوجد سيف بوكس كذلك سليبر,24,132,5★ + negative
6589,واجهت من فتره مشكله بالتطبيق لكن الفريق المشرف على التطبيق قاموا بحل المشكله بأسرع وقت وكانوا جدا حريصين على ارضاء المشترك شكرا لكم,5,2026-02-25 00:00:00,Careem,transport,play_store,"[""app_experience"", ""service""]","{""app_experience"": ""negative"", ""service"": ""positive""}",app_experience,negative,transport,واجهت من فتره مشكله بالتطبيق لكن الفريق المشرف على التطبيق قاموا بحل المشكله باسرع وقت وكانوا جدا حريصين على ارضاء المشترك شكرا لكم,23,131,5★ + negative
1759,المكان جميل  كا شكل ولوكيشن لكن مانصحش بيه في السحور الحجز باسبقية الحضور والمكان زحمة اوي وقعدنا كتير وايتنج ليست اكتر من ساعة  وفي الاخر لقيناهم بيدخلوا ناس بعدنا والبنت اللي في الريسبشن طريقتها صعبة اوي ومعاها رقمنا  علشان تكلمنا لما المكان يفضي لكن محصلش وفي الاخر روحنا اكلنا في مكان تاني,2,قبل يوم واحد,قرية جدو,مطعم مأكولات مشوية,google_maps,"[""ambiance"", ""service""]","{""ambiance"": ""positive"", ""service"": ""negative""}",ambiance,positive,food_beverage,المكان جميل كا شكل ولوكيشن لكن مانصحش بيه في السحور الحجز باسبقية الحضور والمكان زحمة اوي وقعدنا كتير وايتنج ليست اكتر من ساعة وفي الاخر لقيناهم بيدخلوا ناس بعدنا والبنت اللي في الريسبشن طريقتها صعبة اوي ومعاها رقمنا علشان تكلمنا لما المكان يفضي لكن محصلش وفي الاخر روحنا اكلنا في مكان تاني,52,290,2★ + positive
2305,ال service بشعه و خدمه ال delivery بشعه و بيتاخره جدااا جدااا و ساعات بيجي بارد بس امانه الأكل حلو بس كده .,1,قبل يومين (2),ست الشام,مطعم مأكولات سورية,google_maps,"[""service"", ""delivery"", ""food""]","{""service"": ""negative"", ""delivery"": ""negative"", ""food"": ""positive""}",food,positive,food_beverage,ال service بشعه و خدمه ال delivery بشعه و بيتاخره جداا جداا و ساعات بيجي بارد بس امانه الاكل حلو بس كده .,23,105,1★ + positive
6017,الطعام طازج وجيد يعيبه ضيق المكانه,4,قبل سنتين,مشويات سخسخ,مطعم مأكولات مشوية,google_maps,"[""food"", ""ambiance""]","{""food"": ""positive"", ""ambiance"": ""negative""}",ambiance,negative,food_beverage,الطعام طازج وجيد يعيبه ضيق المكانه,6,34,4★ + negative
2016,"الاكل ممتاز طلبت مرتين لحد الان ولكن في كله مره كان بيجي مع الاكل شعراية مش عارف ليه لازم الاقي شعر حد في الاكل لكن غير كدا الاكل نظيف
لما ارن مش عارف ليه بيخلوني هولد ٣ دقايق واحيانا بضطر اتصل ٣ مرات عشان يردوا",4,قبل شهرين,مطعم ريدان,مطعم أطباق اللحوم,google_maps,"[""food"", ""cleanliness"", ""service""]","{""food"": ""positive"", ""cleanliness"": ""negative"", ""service"": ""negative""}",cleanliness,negative,food_beverage,الاكل ممتاز طلبت مرتين لحد الان ولكن في كله مره كان بيجي مع الاكل شعراية مش عارف ليه لازم الاقي شعر حد في الاكل لكن غير كدا الاكل نظيف لما ارن مش عارف ليه بيخلوني هولد ٣ دقايق واحيانا بضطر اتصل ٣ مرات عشان يردوا,45,211,4★ + negative
2016,"الاكل ممتاز طلبت مرتين لحد الان ولكن في كله مره كان بيجي مع الاكل شعراية مش عارف ليه لازم الاقي شعر حد في الاكل لكن غير كدا الاكل نظيف
لما ارن مش عارف ليه بيخلوني هولد ٣ دقايق واحيانا بضطر اتصل ٣ مرات عشان يردوا",4,قبل شهرين,مطعم ريدان,مطعم أطباق اللحوم,google_maps,"[""food"", ""cleanliness"", ""service""]","{""food"": ""positive"", ""cleanliness"": ""negative"", ""service"": ""negative""}",service,negative,food_beverage,الاكل ممتاز طلبت مرتين لحد الان ولكن في كله مره كان بيجي مع الاكل شعراية مش عارف ليه لازم الاقي شعر حد في الاكل لكن غير كدا الاكل نظيف لما ارن مش عارف ليه بيخلوني هولد ٣ دقايق واحيانا بضطر اتصل ٣ مرات عشان يردوا,45,211,4★ + negative
3889,"المكان هادئ و جميل. الطعام لذيذ بلا استثناء و البيتزا رائعة و عجيتنها خفيفة. أنصح بمشروب الكرديه بالزنجبيل.
الخدمة سريعة و الموظفين في قمة الرقي ماشاء الله.

تحديث شهر نوفمبر 2025: قمنا بزيارة المطعم للمرة الثانية في الشتاء و لكن جودة الطعام لم تتوافق مع المرة السابقة. الريزوتو مالح للغاية و لم استطع اكماله، البيتزا كانت عادية جدا.",5,تاريخ التعديل: قبل شهرين,مطعم داي بسكاتوري المعادي,مطعم مأكولات إيطالية,google_maps,"[""ambiance"", ""food"", ""service""]","{""ambiance"": ""positive"", ""food"": ""negative"", ""service"": ""positive""}",food,negative,food_beverage,المكان هادئ و جميل. الطعام لذيذ بلا استثناء و البيتزا رائعة و عجيتنها خفيفة. انصح بمشروب الكرديه بالزنجبيل. الخدمة سريعة و الموظفين في قمة الرقي ماشاء الله. تحديث شهر نوفمبر 2025: قمنا بزيارة المطعم للمرة الثانية في الشتاء و لكن جودة الطعام لم تتوافق مع المرة السابقة. الريزوتو مالح للغاية و لم استطع اكماله، البيتزا كانت عادية جدا.,58,332,5★ + negative
7459,جوميا الجزائر : منتوجاته قليلة جدا وغير متنوعة مقارنة مع واجهة التطبيق المثالية او الفخمة التي عندم تدخل الى الفئات تجدها تضم يا دوب 10 منتوجات مرتفعة السعر وجودتها رديئة جدا مقارنة بسعرها . هل اصاب التطبيق التصحر . لكن الحق يقال . التوصيل سريع,2,2026-02-14 00:00:00,Jumia,ecommerce,play_store,"[""app_experience"", ""price"", ""delivery""]","{""app_experience"": ""positive"", ""price"": ""negative"", ""delivery"": ""positive""}",app_experience,positive,digital,جوميا الجزائر : منتوجاته قليلة جدا وغير متنوعة مقارنة مع واجهة التطبيق المثالية او الفخمة التي عندم تدخل الى الفئات تجدها تضم يا دوب 10 منتوجات مرتفعة السعر وجودتها رديئة جدا مقارنة بسعرها . هل اصاب التطبيق التصحر . لكن الحق يقال . التوصيل سريع,45,244,2★ + positive
7459,جوميا الجزائر : منتوجاته قليلة جدا وغير متنوعة مقارنة مع واجهة التطبيق المثالية او الفخمة التي عندم تدخل الى الفئات تجدها تضم يا دوب 10 منتوجات مرتفعة السعر وجودتها رديئة جدا مقارنة بسعرها . هل اصاب التطبيق التصحر . لكن الحق يقال . التوصيل سريع,2,2026-02-14 00:00:00,Jumia,ecommerce,play_store,"[""app_experience"", ""price"", ""delivery""]","{""app_experience"": ""positive"", ""price"": ""negative"", ""delivery"": ""positive""}",delivery,positive,digital,جوميا الجزائر : منتوجاته قليلة جدا وغير متنوعة مقارنة مع واجهة التطبيق المثالية او الفخمة التي عندم تدخل الى الفئات تجدها تضم يا دوب 10 منتوجات مرتفعة السعر وجودتها رديئة جدا مقارنة بسعرها . هل اصاب التطبيق التصحر . لكن الحق يقال . التوصيل سريع,45,244,2★ + positive
1980,"جربت منسف كان كويس بس ممكن يبقى أحسن
الستاف محترمين وودودين
أحد مشاكل المكان إن القطط بتدخل حتى لو جوه",4,قبل شهر,بيت لحم Beet Lahm,مطعم,google_maps,"[""food"", ""service"", ""cleanliness""]","{""food"": ""neutral"", ""service"": ""positive"", ""cleanliness"": ""negative""}",cleanliness,negative,food_beverage,جربت منسف كان كويس بس ممكن يبقى احسن الستاف محترمين وودودين احد مشاكل المكان ان القطط بتدخل حتى لو جوه,20,102,4★ + negative
7982,من افضل المواقع اللي تعاملت معها لكن للاسف عجزت اعدل الى اللغه العربيه في التطبيق ؟؟!!! كيف الطريقة ؟؟؟؟,5,2025-05-02 00:00:00,Shop,ecommerce,play_store,"[""app_experience""]","{""app_experience"": ""negative""}",app_experience,negative,digital,من افضل المواقع اللي تعاملت معها لكن للاسف عجزت اعدل الى اللغه العربيه في التطبيق ؟؟! كيف الطريقة ؟؟,19,100,5★ + negative
9278,جميلة جدآ ولكن يوجد ملاحضه ان جهازي اندرويد وقائمت المفضلات لا تعمل الا بشتراك وانا ليس لدي مايكفي لكي اشترك. أمل ان تنحل هذه المشكله,5,2026-03-02 00:00:00,Spotify,entertainment,play_store,"[""app_experience""]","{""app_experience"": ""negative""}",app_experience,negative,entertainment,جميلة جدا ولكن يوجد ملاحضه ان جهازي اندرويد وقائمت المفضلات لا تعمل الا بشتراك وانا ليس لدي مايكفي لكي اشترك. امل ان تنحل هذه المشكله,25,133,5★ + negative
1243,"نصيحة لمالك هذا المطعم
الاصطاف سيئ الى اقصى درجة
المكان والاكل ممتازين
الاصطاف صوته عالى وبيتخانقوا مع بعضهم امام الزبائن
والله حرام مكان جميل واكل جميل نقطة ضعفه هو الاصطاف",1,قبل شهر,مطعم تبوله,مطعم مأكولات لبنانية,google_maps,"[""service"", ""ambiance"", ""food""]","{""service"": ""negative"", ""ambiance"": ""positive"", ""food"": ""positive""}",ambiance,positive,food_beverage,نصيحة لمالك هذا المطعم الاصطاف سيئ الى اقصى درجة المكان والاكل ممتازين الاصطاف صوته عالى وبيتخانقوا مع بعضهم امام الزبائن والله حرام مكان جميل واكل جميل نقطة ضعفه هو الاصطاف,30,173,1★ + positive
1243,"نصيحة لمالك هذا المطعم
الاصطاف سيئ الى اقصى درجة
المكان والاكل ممتازين
الاصطاف صوته عالى وبيتخانقوا مع بعضهم امام الزبائن
والله حرام مكان جميل واكل جميل نقطة ضعفه هو الاصطاف",1,قبل شهر,مطعم تبوله,مطعم مأكولات لبنانية,google_maps,"[""service"", ""ambiance"", ""food""]","{""service"": ""negative"", ""ambiance"": ""positive"", ""food"": ""positive""}",food,positive,food_beverage,نصيحة لمالك هذا المطعم الاصطاف سيئ الى اقصى درجة المكان والاكل ممتازين الاصطاف صوته عالى وبيتخانقوا مع بعضهم امام الزبائن والله حرام مكان جميل واكل جميل نقطة ضعفه هو الاصطاف,30,173,1★ + positive
7781,طالما دفعت اون لاين يبقى مندوب التوصيل بيرمي الطرد لأي حد من غير ما يتأكد من هويته رغم ان خدمة العملاء سريعة الاستجابة والفلوس مش بتضيع عليك ولكن حلني وتعد تستنى الفلوس ترجع لمدة أسبوعين أو المنتج يجيلك بعد ١٠ ايام تاني واحتمال يرجع وماتستلمش حجاة وللعلم الكلام ده اتكرر اكتر من مرة,1,2026-03-05 00:00:00,Amazon,ecommerce,play_store,"[""delivery"", ""service"", ""app_experience""]","{""delivery"": ""negative"", ""service"": ""positive"", ""app_experience"": ""negative""}",service,positive,digital,طالما دفعت اون لاين يبقى مندوب التوصيل بيرمي الطرد لاي حد من غير ما يتاكد من هويته رغم ان خدمة العملاء سريعة الاستجابة والفلوس مش بتضيع عليك ولكن حلني وتعد تستنى الفلوس ترجع لمدة اسبوعين او المنتج يجيلك بعد ١٠ ايام تاني واحتمال يرجع وماتستلمش حجاة وللعلم الكلام ده اتكرر اكتر من مرة,53,282,1★ + positive
6797,عندما اصل الى بلد اخر لم أستطيع الدخول مرة ثانية إلى البرنامج .. يجب حل المشكلة.. واضافة اي اجور متاخرة على المشوار الجاي...,5,2026-01-26 00:00:00,Careem,transport,play_store,"[""app_experience""]","{""app_experience"": ""negative""}",app_experience,negative,transport,عندما اصل الى بلد اخر لم استطيع الدخول مرة ثانية الى البرنامج .. يجب حل المشكلة.. واضافة اي اجور متاخرة على المشوار الجاي..,23,123,5★ + negative
1268,اسعار تمام اكل تمام خدمه سيئه و بطيئه,4,قبل 4 أيام,فول وحيد العظيم,مطعم للإفطار,google_maps,"[""price"", ""food"", ""service""]","{""price"": ""positive"", ""food"": ""positive"", ""service"": ""negative""}",service,negative,food_beverage,اسعار تمام اكل تمام خدمه سيئه و بطيئه,8,37,4★ + negative
7485,بالنسبة لعملية الشراء كانت مطابقة وجودة مثل ماهي معروضة بالفعل. ومتابعة الطرد والاستلام جد مستحسنة ولكن! فكرة منع فحص محتوى طردك والتأكد منو قبل لا تخلص... فجد جد سيئة وما قالها لا ربي لا شرعو. تشري بدراهمك المفروض تفحض الطرد... بلاك مش مطابق..بلاك ما يعجبنيش. كيفاه تخلص حاجة ماكش عارف واش فيها.. وبعدا تقولي اديه للدار وتقدر ترجعو بعدين!!! زعما وش المعنى؟؟؟؟ خايف تخسر من سعر الايصال... ياخويا دير قاعدة انو تخلص ديمل مثلا ولا نصف ثمن التوصيل..باه تفيريفي باكاج تاعك وخلاص... مي تشري وتخلص بلا ما,2,2026-02-06 00:00:00,Jumia,ecommerce,play_store,"[""delivery"", ""app_experience"", ""price""]","{""delivery"": ""positive"", ""app_experience"": ""negative"", ""price"": ""negative""}",delivery,positive,digital,بالنسبة لعملية الشراء كانت مطابقة وجودة مثل ماهي معروضة بالفعل. ومتابعة الطرد والاستلام جد مستحسنة ولكن! فكرة منع فحص محتوى طردك والتاكد منو قبل لا تخلص.. فجد جد سيئة وما قالها لا ربي لا شرعو. تشري بدراهمك المفروض تفحض الطرد.. بلاك مش مطابق..بلاك ما يعجبنيش. كيفاه تخلص حاجة ماكش عارف واش فيها.. وبعدا تقولي اديه للدار وتقدر ترجعو بعدين! زعما وش المعنى؟؟ خايف تخسر من سعر الايصال.. ياخويا دير قاعدة انو تخلص ديمل مثلا ولا نصف ثمن التوصيل..باه تفيريفي باكاج تاعك وخلاص.. مي تشري وتخلص بلا ما,87,490,2★ + positive
6167,بس الارقام الذي تأتي من البعض يأتي لا يكن رقم واتس بل إنه رقم فون,5,قبل سنة,صيدلية ولى العهد,صيدلية,google_maps,"[""app_experience""]","{""app_experience"": ""negative""}",app_experience,negative,healthcare,بس الارقام الذي تاتي من البعض ياتي لا يكن رقم واتس بل انه رقم فون,15,65,5★ + negative
1915,المشويات مقبولة بس الفريد تشكين تعبانه ، الخدمة تعبانه اوي و الطلبات بتنزل بعشوائية و متاخرة,4,قبل 3 أشهر,مطعم الخديوي أكتوبر,مطعم,google_maps,"[ ""food"", ""service""]","{""food"": ""negative"", ""service"": ""negative""}",food,negative,food_beverage,المشويات مقبولة بس الفريد تشكين تعبانه ، الخدمة تعبانه اوي و الطلبات بتنزل بعشوائية و متاخرة,16,92,4★ + negative
1915,المشويات مقبولة بس الفريد تشكين تعبانه ، الخدمة تعبانه اوي و الطلبات بتنزل بعشوائية و متاخرة,4,قبل 3 أشهر,مطعم الخديوي أكتوبر,مطعم,google_maps,"[ ""food"", ""service""]","{""food"": ""negative"", ""service"": ""negative""}",service,negative,food_beverage,المشويات مقبولة بس الفريد تشكين تعبانه ، الخدمة تعبانه اوي و الطلبات بتنزل بعشوائية و متاخرة,16,92,4★ + negative
2507,"للأسف، تجربتي في فندق إنديانا تُعد من أسوأ التجارب الفندقية التي مررت بها على الإطلاق، وربما الأسوأ دون مبالغة.
 رغم أن العاملين في الفندق كانوا محترمين ومتعاونين قدر الإمكان، إلا أن ذلك لا يمكنه بأي شكل من الأشكال تعويض الحالة المزرية والمخزية التي وصل إليها الفندق.
 
 الفندق قديم جدًا، مهمل بشكل واضح، ويعاني من مستوى نظافة متدنٍ للغاية لدرجة تجعله غير صالح للإقامة البشرية. الأوساخ منتشرة في كل مكان، والرائحة كريهة، وكل شيء يبدو مهترئًا ومستهلكًا منذ سنوات دون أي صيانة أو تجديد.
 باب الغرفة مكسور، والمصعد قديم جدًا ويبعث على القلق، ويعكس مدى الإهمال الذي يعاني منه المكان بالكامل.
 
 أما الغرفة فكانت صدمة حقيقية؛ الملايات شديدة الاتساخ بشكل لا يُصدق، لدرجة أنني لم أستطع النوم مطلقًا، وشعرت بعدم الراحة والاشمئزاز. لا توجد ستارة تحجب ضوء الشمس، مما يجعل النوم شبه مستحيل، ويؤكد انعدام أبسط مقومات الراحة في هذا الفندق.
 
 الإقامة كانت تجربة سيئة بكل ما تحمله الكلمة من معنى، ولن أكررها تحت أي ظرف، ولا أنصح أي شخص بالإقامة في هذا الفندق مهما كان السعر مغريًا، لأن ما ستواجهه لا يستحق ذلك أبدًا.
 
 وأهم نقطة يجب التنبيه عليها:
 الصور المعروضة في جميع مواقع الحجز لا تطابق الواقع نهائيًا، وهي مضللة بشكل واضح، والفرق بينها وبين الحقيقة كبير جدًا. ما يُعرض في الصور لا يعكس الحالة الحقيقية للفندق بأي شكل.
 
 باختصار: تجربة مخيبة للآمال، فندق مهمل، نظافة سيئة، وخدمة لا يمكنها إنقاذ الوضع. لا أنصح به إطلاقًا.",1,قبل شهرين,فندق انديانا,فندق,google_maps,"[""service"", ""cleanliness"", ""ambiance""]","{""service"": ""positive"", ""cleanliness"": ""negative"", ""ambiance"": ""negative""}",service,positive,hospitality,للاسف، تجربتي في فندق انديانا تعد من اسوا التجارب الفندقية التي مررت بها على الاطلاق، وربما الاسوا دون مبالغة. رغم ان العاملين في الفندق كانوا محترمين ومتعاونين قدر الامكان، الا ان ذلك لا يمكنه باي شكل من الاشكال تعويض الحالة المزرية والمخزية التي وصل اليها الفندق. الفندق قديم جدا، مهمل بشكل واضح، ويعاني من مستوى نظافة متدن للغاية لدرجة تجعله غير صالح للاقامة البشرية. الاوساخ منتشرة في كل مكان، والرائحة كريهة، وكل شيء يبدو مهترئا ومستهلكا منذ سنوات دون اي صيانة او تجديد. باب الغرفة مكسور، والمصعد قديم جدا ويبعث على القلق، ويعكس مدى الاهمال الذي يعاني منه المكان بالكامل. اما الغرفة فكانت صدمة حقيقية؛ الملايات شديدة الاتساخ بشكل لا يصدق، لدرجة انني لم استطع النوم مطلقا، وشعرت بعدم الراحة والاشمئزاز. لا توجد ستارة تحجب ضوء الشمس، مما يجعل النوم شبه مستحيل، ويؤكد انعدام ابسط مقومات الراحة في هذا الفندق. الاقامة كانت تجربة سيئة بكل ما تحمله الكلمة من معنى، ولن اكررها تحت اي ظرف، ولا انصح اي شخص بالاقامة في هذا الفندق مهما كان السعر مغريا، لان ما ستواجهه لا يستحق ذلك ابدا. واهم نقطة يجب التنبيه عليها: الصور المعروضة في جميع مواقع الحجز لا تطابق الواقع نهائيا، وهي مضللة بشكل واضح، والفرق بينها وبين الحقيقة كبير جدا. ما يعرض في الصور لا يعكس الحالة الحقيقية للفندق باي شكل. باختصار: تجربة مخيبة للامال، فندق مهمل، نظافة سيئة، وخدمة لا يمكنها انقاذ الوضع. لا انصح به اطلاقا.,227,1283,1★ + positive
1277,احسن فرع والله الجوده كويسه و المكان كويس مشكلتهم انهم احيانا بيتأخرو في الاوردر بس ده حصل معايا تقريبا مرتين,5,قبل شهرين,روستو,مطعم مأكولات سورية,google_maps,"[""food"", ""ambiance"", ""service""]","{""food"": ""positive"", ""ambiance"": ""positive"", ""service"": ""negative""}",service,negative,food_beverage,احسن فرع والله الجوده كويسه و المكان كويس مشكلتهم انهم احيانا بيتاخرو في الاوردر بس ده حصل معايا تقريبا مرتين,20,109,5★ + negative
1735,"الاكل جيد ماشاء الله
 لكن عندي ملاحظة على التعامل خصوصا خدمة ابتوصيل ويلي مستلمين الموضوع اقسم بالله من اقذر واسوء التعاملات كرهت المطعم بسببهم
 اكثر من مرة يوصلني الاوردر ناقص طبق او صنف من يلي انا طالبو
 اخر مرة قلي تمام هرجعلك الرصيد الحاجة يلي ما وصلت ...وفالاخر طنش ومارجعلي شيء حسبي الله ونعم الوكيل فيكم موضوع فعلا مستفز",1,قبل 3 أسابيع,مطعم أبو يوسف السوري,مطعم مأكولات سورية,google_maps,"[""food"", ""delivery"", ""service""]","{""food"": ""positive"", ""delivery"": ""negative"", ""service"": ""negative""}",food,positive,food_beverage,الاكل جيد ماشاء الله لكن عندي ملاحظة على التعامل خصوصا خدمة ابتوصيل ويلي مستلمين الموضوع اقسم بالله من اقذر واسوء التعاملات كرهت المطعم بسببهم اكثر من مرة يوصلني الاوردر ناقص طبق او صنف من يلي انا طالبو اخر مرة قلي تمام هرجعلك الرصيد الحاجة يلي ما وصلت ..وفالاخر طنش ومارجعلي شيء حسبي الله ونعم الوكيل فيكم موضوع فعلا مستفز,59,323,1★ + positive
2943,التجربه جدا ممتعه فيه والأجواء جميله اووى غير كمان الخدمه بجد والصراحه احسن حد برتاح لما بروح اتعامل معاه عبدالله,2,قبل شهرين,قديمو,مطعم,google_maps,"[""ambiance"", ""service""]","{""ambiance"": ""positive"", ""service"": ""positive""}",ambiance,positive,food_beverage,التجربه جدا ممتعه فيه والاجواء جميله اووى غير كمان الخدمه بجد والصراحه احسن حد برتاح لما بروح اتعامل معاه عبدالله,20,113,2★ + positive
2943,التجربه جدا ممتعه فيه والأجواء جميله اووى غير كمان الخدمه بجد والصراحه احسن حد برتاح لما بروح اتعامل معاه عبدالله,2,قبل شهرين,قديمو,مطعم,google_maps,"[""ambiance"", ""service""]","{""ambiance"": ""positive"", ""service"": ""positive""}",service,positive,food_beverage,التجربه جدا ممتعه فيه والاجواء جميله اووى غير كمان الخدمه بجد والصراحه احسن حد برتاح لما بروح اتعامل معاه عبدالله,20,113,2★ + positive
9048,ياريت بعض القصائد الحسينيه يخلوها بالبرنامج لان اكو قصائد قديمه وحيل حلوه بس ماموجوده,4,2026-03-12 00:00:00,Spotify,entertainment,play_store,"[""app_experience""]","{""app_experience"": ""negative""}",app_experience,negative,entertainment,ياريت بعض القصائد الحسينيه يخلوها بالبرنامج لان اكو قصائد قديمه وحيل حلوه بس ماموجوده,14,85,4★ + negative
7199,البضاعة جيدة خدمة التوصيل سيئة جدا الطلبيه لا تصل مجموعة واحدة ماتاصل للبيت بالقرى لازم استلمها من مكتب التوصيل والطلبيه لا تأتي مجموعة واحدة كل قطعة لوحدها اضطر اروح كل يوم اخذ قطعه,1,2026-03-09 00:00:00,Noon,ecommerce,play_store,"[""service"", ""delivery""]","{""service"": ""positive"", ""delivery"": ""negative""}",service,positive,digital,البضاعة جيدة خدمة التوصيل سيئة جدا الطلبيه لا تصل مجموعة واحدة ماتاصل للبيت بالقرى لازم استلمها من مكتب التوصيل والطلبيه لا تاتي مجموعة واحدة كل قطعة لوحدها اضطر اروح كل يوم اخذ قطعه,33,182,1★ + positive
7829,سيء جدا (مع اشتراك شهري ببرايم) خدمة منتجات لا تصل . و اخطاء في التوصيل كل 10 طلبات يوصلك طلب واحد. و المطالبة بدفع مبلغ اضافي عند التوصيل ولما تتواصل موظفين الدعم صحيح هما بجد في قمة الذوق ومحترمين جدا بس للاسف مافي حل ولا توصل لنتيجة ملاحظة تم التواصل معهم اكثر من 5 مرات ولا الهوا,1,2026-03-01 00:00:00,Amazon,ecommerce,play_store,"[""delivery"", ""service"", ""app_experience""]","{""delivery"": ""negative"", ""service"": ""positive"", ""app_experience"": ""negative""}",service,positive,digital,سيء جدا (مع اشتراك شهري ببرايم) خدمة منتجات لا تصل . و اخطاء في التوصيل كل 10 طلبات يوصلك طلب واحد. و المطالبة بدفع مبلغ اضافي عند التوصيل ولما تتواصل موظفين الدعم صحيح هما بجد في قمة الذوق ومحترمين جدا بس للاسف مافي حل ولا توصل لنتيجة ملاحظة تم التواصل معهم اكثر من 5 مرات ولا الهوا,57,283,1★ + positive
7683,مش متاح خدمه الدفع عند الاستلام في جميع الاوقات,4,2026-03-11 00:00:00,Amazon,ecommerce,play_store,"[""app_experience"", ""service""]","{""app_experience"": ""negative"", ""service"": ""negative""}",app_experience,negative,digital,مش متاح خدمه الدفع عند الاستلام في جميع الاوقات,9,47,4★ + negative
7683,مش متاح خدمه الدفع عند الاستلام في جميع الاوقات,4,2026-03-11 00:00:00,Amazon,ecommerce,play_store,"[""app_experience"", ""service""]","{""app_experience"": ""negative"", ""service"": ""negative""}",service,negative,digital,مش متاح خدمه الدفع عند الاستلام في جميع الاوقات,9,47,4★ + negative
6746,مع الاسف بعد التحديث للبرنامج ارتفع سعر رحلاتي اليومية وكلها اكسترا وعدم ارسال كود التخفيضات ارجوا بحل هذه المشاكل والا سأضطر ان اجرب تطبيق آخر,5,2026-02-02 00:00:00,Careem,transport,play_store,"[""app_experience"", ""price""]","{""app_experience"": ""negative"", ""price"": ""negative""}",app_experience,negative,transport,مع الاسف بعد التحديث للبرنامج ارتفع سعر رحلاتي اليومية وكلها اكسترا وعدم ارسال كود التخفيضات ارجوا بحل هذه المشاكل والا ساضطر ان اجرب تطبيق اخر,25,143,5★ + negative
6746,مع الاسف بعد التحديث للبرنامج ارتفع سعر رحلاتي اليومية وكلها اكسترا وعدم ارسال كود التخفيضات ارجوا بحل هذه المشاكل والا سأضطر ان اجرب تطبيق آخر,5,2026-02-02 00:00:00,Careem,transport,play_store,"[""app_experience"", ""price""]","{""app_experience"": ""negative"", ""price"": ""negative""}",price,negative,transport,مع الاسف بعد التحديث للبرنامج ارتفع سعر رحلاتي اليومية وكلها اكسترا وعدم ارسال كود التخفيضات ارجوا بحل هذه المشاكل والا ساضطر ان اجرب تطبيق اخر,25,143,5★ + negative
7458,شكرا علي حسن المعامله بس في حاجه واحد ايه الأورد ييجي بعد 3ايام أو أكثر المفروض 2 يوم من الطلب,5,2026-02-14 00:00:00,Jumia,ecommerce,play_store,"[""service"", ""delivery""]","{""service"": ""positive"", ""delivery"": ""negative""}",delivery,negative,digital,شكرا علي حسن المعامله بس في حاجه واحد ايه الاورد ييجي بعد 3ايام او اكثر المفروض 2 يوم من الطلب,20,94,5★ + negative
8340,البرنامج ممتاز أعلن عليه مره واحده والان اجد صعوبه في عمل اعلان جديد اتمني لو احد يساعدني,5,2024-06-02 00:00:00,Aqarmap,real_estate,play_store,"[""app_experience""]","{""app_experience"": ""negative""}",app_experience,negative,digital,البرنامج ممتاز اعلن عليه مره واحده والان اجد صعوبه في عمل اعلان جديد اتمني لو احد يساعدني,17,89,5★ + negative
4308,المكان حلو الاسطف كويس انا كنت واكل ساندوتش سي فود كان جميل بصراحه هو سعره معقول بس القعده في المكان مش حلوه قوي,5,قبل شهرين,بيتزا كينج باب اللوق,مطعم بيتزا,google_maps,"[""ambiance"", ""service"", ""food"", ""price""]","{""ambiance"": ""negative"", ""service"": ""positive"", ""food"": ""positive"", ""price"": ""positive""}",ambiance,negative,food_beverage,المكان حلو الاسطف كويس انا كنت واكل ساندوتش سي فود كان جميل بصراحه هو سعره معقول بس القعده في المكان مش حلوه قوي,23,112,5★ + negative
3186,"المدير والموظفين والعاملين كلهم صراحة رائعين الجميع عائله واحده وما يترك وبسألوا ويهتموا والموقع رائع وحلو والاطلاله فقط يحتاج تغير مراتب السرير والاهتمام بالمصعد
اكثر شيء اقول شكراً للجميع",4,قبل 5 أشهر,فندق بوتيك النيل,فندق,google_maps,"[""service"", ""ambiance"", ""cleanliness""]","{""service"": ""positive"", ""ambiance"": ""positive"", ""cleanliness"": ""negative""}",cleanliness,negative,hospitality,المدير والموظفين والعاملين كلهم صراحة رائعين الجميع عائله واحده وما يترك وبسالوا ويهتموا والموقع رائع وحلو والاطلاله فقط يحتاج تغير مراتب السرير والاهتمام بالمصعد اكثر شيء اقول شكرا للجميع,29,188,4★ + negative
9168,تطبيق رائع تطبيق رائع لسمع الاغاني اذا كنت تريد ان تشغل الاغاني بدون انترنت فعليك ان تدفع مالا لكنه تطبيق جيد,5,2026-03-06 00:00:00,Spotify,entertainment,play_store,"[""app_experience"", ""price""]","{""app_experience"": ""positive"", ""price"": ""negative""}",price,negative,entertainment,تطبيق رائع تطبيق رائع لسمع الاغاني اذا كنت تريد ان تشغل الاغاني بدون انترنت فعليك ان تدفع مالا لكنه تطبيق جيد,21,109,5★ + negative
2040,"عاد هالمطعم حكايه ثانيه قسم بالله اتعب وانا اقول لذيذ وانصح في رقبة الخروف والبطاطس عندهم وتبهيره رهييب ياحبي للمطعم هذا بس حط ببالك بتدفع اقل شيء 300 ريال سعودي
للعلم الخدمة عندهم قويه جدا انت تطلب وتروح تجلس تلقى طلبك جاي وراك كيف مدري بس خدمة توب",5,قبل شهرين,مطعم ميت موت مدينة الشيخ زايد,مطعم,google_maps,"[""food"", ""price"", ""service""]","{""food"": ""positive"", ""price"": ""negative"", ""service"": ""positive""}",price,negative,food_beverage,عاد هالمطعم حكايه ثانيه قسم بالله اتعب وانا اقول لذيذ وانصح في رقبة الخروف والبطاطس عندهم وتبهيره رهييب ياحبي للمطعم هذا بس حط ببالك بتدفع اقل شيء 300 ريال سعودي للعلم الخدمة عندهم قويه جدا انت تطلب وتروح تجلس تلقى طلبك جاي وراك كيف مدري بس خدمة توب,48,249,5★ + negative
1500,أتيت من البحرين على مدح المكان وأكاد أن أجزم بأن الحمام من الذ ما أكلت ومحل خدمته رائعة والاستاذ محمد صبحي قمة في الأخلاق والرقي ومبتسم دائما ومتعاون وبسبب رجعت للمطعم لأكثر من ٣ مرات لأكل الحمام المشوي اللذيذ ولا تاكل الذ منه في القاهرة، اللهم المكان يحتاج للتجديد ويكون افضل محل حمام في القاهرة بل مصر كلها.,5,قبل شهرين,مطعم الجمهورية,مطعم مأكولات مشوية,google_maps,"[""food"", ""service"", ""ambiance""]","{""food"": ""positive"", ""service"": ""positive"", ""ambiance"": ""negative""}",ambiance,negative,food_beverage,اتيت من البحرين على مدح المكان واكاد ان اجزم بان الحمام من الذ ما اكلت ومحل خدمته رائعة والاستاذ محمد صبحي قمة في الاخلاق والرقي ومبتسم دائما ومتعاون وبسبب رجعت للمطعم لاكثر من ٣ مرات لاكل الحمام المشوي اللذيذ ولا تاكل الذ منه في القاهرة، اللهم المكان يحتاج للتجديد ويكون افضل محل حمام في القاهرة بل مصر كلها.,58,309,5★ + negative
460,"جميل وعجبنى الصراحة لكن الفيو مش قد كدة
فى وسط منطقة سكنية",4,قبل 5 أيام,فندق تريومف,فندق,google_maps,"[""ambiance""]","{""ambiance"": ""negative""}",ambiance,negative,hospitality,جميل وعجبنى الصراحة لكن الفيو مش قد كدة فى وسط منطقة سكنية,12,58,4★ + negative
259,مطعم قذر والمعاملة قذرة والعاملين في منتهى قلة الأدب والقذلرة,5,قبل 8 ساعات,مطعم إبن الشام فرع الرحاب,مطعم مأكولات سورية,google_maps,"[""cleanliness"", ""service""]","{""cleanliness"": ""negative"", ""service"": ""negative""}",cleanliness,negative,food_beverage,مطعم قذر والمعاملة قذرة والعاملين في منتهى قلة الادب والقذلرة,10,61,5★ + negative
259,مطعم قذر والمعاملة قذرة والعاملين في منتهى قلة الأدب والقذلرة,5,قبل 8 ساعات,مطعم إبن الشام فرع الرحاب,مطعم مأكولات سورية,google_maps,"[""cleanliness"", ""service""]","{""cleanliness"": ""negative"", ""service"": ""negative""}",service,negative,food_beverage,مطعم قذر والمعاملة قذرة والعاملين في منتهى قلة الادب والقذلرة,10,61,5★ + negative
1018,اجواء جيده، وجبات حلوة بس اقل من المتوقع شوية، والخدمة جيدة,2,قبل أسبوعين,جاد الدقي,مطعم مأكولات مصرية,google_maps,"[""ambiance"", ""food"", ""service""]","{""ambiance"": ""positive"", ""food"": ""neutral"", ""service"": ""positive""}",ambiance,positive,food_beverage,اجواء جيده، وجبات حلوة بس اقل من المتوقع شوية، والخدمة جيدة,11,59,2★ + positive
1018,اجواء جيده، وجبات حلوة بس اقل من المتوقع شوية، والخدمة جيدة,2,قبل أسبوعين,جاد الدقي,مطعم مأكولات مصرية,google_maps,"[""ambiance"", ""food"", ""service""]","{""ambiance"": ""positive"", ""food"": ""neutral"", ""service"": ""positive""}",service,positive,food_beverage,اجواء جيده، وجبات حلوة بس اقل من المتوقع شوية، والخدمة جيدة,11,59,2★ + positive
722,"اكله جميل جدا و مميز، سواء مشويات او اكل مصري، اسعاره ممتازة لان ميزانه اكتر من باقي محلات المشويات، عيبه الركنة بس هما وفروا واحد يركن العربيات قدام المحل، قعدته ممتازة، الاكل بينزل بسرعة

عيبه الوحيد شوية تكات صغيرة، يعني الشيش طاووق اوراك بس مفيش اوبشن صدور، طبق السلطات المشكل ماينفعش تحدد انواعه، شوية حاجات بسيطة لو اتعدلت يبقى عشرة على عشرة

انما هو في طعم الاكل ميتوصاش زي اكل البيت و احلى",4,قبل شهر,قصر الكبابجي,مطعم مأكولات مصرية,google_maps,"[""food"", ""price"", ""ambiance"", ""service""]","{""food"": ""positive"", ""price"": ""positive"", ""ambiance"": ""negative"", ""service"": ""positive""}",ambiance,negative,food_beverage,اكله جميل جدا و مميز، سواء مشويات او اكل مصري، اسعاره ممتازة لان ميزانه اكتر من باقي محلات المشويات، عيبه الركنة بس هما وفروا واحد يركن العربيات قدام المحل، قعدته ممتازة، الاكل بينزل بسرعة عيبه الوحيد شوية تكات صغيرة، يعني الشيش طاووق اوراك بس مفيش اوبشن صدور، طبق السلطات المشكل ماينفعش تحدد انواعه، شوية حاجات بسيطة لو اتعدلت يبقى عشرة على عشرة انما هو في طعم الاكل ميتوصاش زي اكل البيت و احلى,73,395,4★ + negative
8465,التطبيق مش عاوز يشتغل كل ما اكتب الاميل و الباسورد يقولي فشل في خدمة البيانات ......................... ده كان راي في الأول .. لكن بصراحة انا مش عارف اشكركم ازاي و لا اوصف مدى رضائي بجد .. باختصار يا جماعه انا أول مره اشوف خدمة عملاء زي خدمة عملاء عقار ماب. في أقل من ساعه لقتهم بعتينلي على الفيس بوك بكل ادب ممكن رقم تليفونك للتواصل و كلمتني الاستاذه هناء المحترمه و حلت المشكله بتاعتي في أقل من دقيقه . بجد شكرا عقار ماب شكرا ليكي جدا استاذه #هناء_فؤاد,5,2022-08-23 00:00:00,Aqarmap,real_estate,play_store,"[""app_experience"", ""service""]","{""app_experience"": ""negative"", ""service"": ""positive""}",app_experience,negative,digital,التطبيق مش عاوز يشتغل كل ما اكتب الاميل و الباسورد يقولي فشل في خدمة البيانات .. ده كان راي في الاول .. لكن بصراحة انا مش عارف اشكركم ازاي و لا اوصف مدى رضائي بجد .. باختصار يا جماعه انا اول مره اشوف خدمة عملاء زي خدمة عملاء عقار ماب. في اقل من ساعه لقتهم بعتينلي على الفيس بوك بكل ادب ممكن رقم تليفونك للتواصل و كلمتني الاستاذه هناء المحترمه و حلت المشكله بتاعتي في اقل من دقيقه . بجد شكرا عقار ماب شكرا ليكي جدا استاذه #هناء_فؤاد,88,431,5★ + negative
9900,التطبيق حلو بس دعايتة غير لائقة يعني ليه ماتخلون الرجل يكمل كلامه والمرأة هي تكمل كلامها,1,2025-12-25 00:00:00,Booking,travel,play_store,"[""app_experience""]","{""app_experience"": ""positive""}",app_experience,positive,hospitality,التطبيق حلو بس دعايتة غير لائقة يعني ليه ماتخلون الرجل يكمل كلامه والمراة هي تكمل كلامها,16,88,1★ + positive
1646,"المكان رائع
الأكل سئ جدا لا يفرقون بين مكياطو وكابتشينو الكيك قديم اكثر من يومين",1,قبل شهر,Holm Cafe,مقهى,google_maps,"[""ambiance"", ""food""]","{""ambiance"": ""positive"", ""food"": ""negative""}",ambiance,positive,food_beverage,المكان رائع الاكل سئ جدا لا يفرقون بين مكياطو وكابتشينو الكيك قديم اكثر من يومين,15,80,1★ + positive
688,"شكرا للنادل وليد
الطعام ولا غلطة
شوربة حمام لزيزة✅️
شوربة لسان عصفور لزيزة ✅️
طرب خيالي خيالي وحبته كبيرة يجي مع بطاطس او رز ✅️
بامية لزيزة✅️
السلمون عادي
العصيرات الفرش ممتازة✅️
ستيك بلاك اند وايت لزيز ✅️
الخدمة رائعين محترمين جدا وخدومين طاقم رااائع
الاجواء ولا نجمة عشان اغاني برمضان حرااام مايجوز شهر فضيل ❌️❌️❌️❌️❌️❌️❌️❌️",4,قبل أسبوع,مطعم ظاظا النيل,مطعم,google_maps,"[""service"", ""food"", ""ambiance""]","{""service"": ""positive"", ""food"": ""neutral"", ""ambiance"": ""negative""}",ambiance,negative,food_beverage,شكرا للنادل وليد الطعام ولا غلطة شوربة حمام لزيزة✅️ شوربة لسان عصفور لزيزة ✅️ طرب خيالي خيالي وحبته كبيرة يجي مع بطاطس او رز ✅️ بامية لزيزة✅️ السلمون عادي العصيرات الفرش ممتازة✅️ ستيك بلاك اند وايت لزيز ✅️ الخدمة رائعين محترمين جدا وخدومين طاقم راائع الاجواء ولا نجمة عشان اغاني برمضان حراام مايجوز شهر فضيل ❌️❌️❌️❌️❌️❌️❌️❌️,56,324,4★ + negative
6689,تطبيق حلو ورخيص بس طلبت تكسي اجه التكسي براس الفرع وكف هناك اني وجاي اتمشى لغى الرحله ولمن فتحت التطبيق دفعت نص السعر 2250 يعني شنو معنى هاذا التقفيص ؟؟؟؟؟؟؟؟؟؟,2,2026-02-08 00:00:00,Careem,transport,play_store,"[""app_experience"", ""price"", ""service""]","{""app_experience"": ""positive"", ""price"": ""negative"", ""service"": ""negative""}",app_experience,positive,transport,تطبيق حلو ورخيص بس طلبت تكسي اجه التكسي براس الفرع وكف هناك اني وجاي اتمشى لغى الرحله ولمن فتحت التطبيق دفعت نص السعر 2250 يعني شنو معنى هاذا التقفيص ؟؟,30,152,2★ + positive
6575,برنامج ممتاز للغايه لاكن هناك مشكله من اطلب كريم يتأخر يالله يجي وين اظل واكف ومرات اطلب السيارات تارسه الشارع ومحد يقبل الرحله مع جل احترامي لشركه كرم وسائقي كريم وشكرا❤,5,2026-02-28 00:00:00,Careem,transport,play_store,"[""app_experience"", ""delivery"", ""service""]","{""app_experience"": ""positive"", ""delivery"": ""negative"", ""service"": ""negative""}",delivery,negative,transport,برنامج ممتاز للغايه لاكن هناك مشكله من اطلب كريم يتاخر يالله يجي وين اظل واكف ومرات اطلب السيارات تارسه الشارع ومحد يقبل الرحله مع جل احترامي لشركه كرم وسائقي كريم وشكرا❤,31,170,5★ + negative
6575,برنامج ممتاز للغايه لاكن هناك مشكله من اطلب كريم يتأخر يالله يجي وين اظل واكف ومرات اطلب السيارات تارسه الشارع ومحد يقبل الرحله مع جل احترامي لشركه كرم وسائقي كريم وشكرا❤,5,2026-02-28 00:00:00,Careem,transport,play_store,"[""app_experience"", ""delivery"", ""service""]","{""app_experience"": ""positive"", ""delivery"": ""negative"", ""service"": ""negative""}",service,negative,transport,برنامج ممتاز للغايه لاكن هناك مشكله من اطلب كريم يتاخر يالله يجي وين اظل واكف ومرات اطلب السيارات تارسه الشارع ومحد يقبل الرحله مع جل احترامي لشركه كرم وسائقي كريم وشكرا❤,31,170,5★ + negative
7926,التطبيق كويس لكن المشكلة فى بتوع التوصيل ليهم ٧ شهور بشيلوا زيادة اخر واحد شال ٣٠٠ جنية زيادة وقدمت شكوى قبل كدا والموضوع زاد عن حده صراحه,1,2026-02-19 00:00:00,Amazon,ecommerce,play_store,"[""app_experience"", ""delivery"", ""service""]","{""app_experience"": ""positive"", ""delivery"": ""negative"", ""service"": ""negative""}",app_experience,positive,digital,التطبيق كويس لكن المشكلة فى بتوع التوصيل ليهم ٧ شهور بشيلوا زيادة اخر واحد شال ٣٠٠ جنية زيادة وقدمت شكوى قبل كدا والموضوع زاد عن حده صراحه,27,138,1★ + positive
6457,مميز وبسيط لكن الضرايب والتوصيل غالي,4,2023-12-18 00:00:00,Elmenus,food_delivery,play_store,"[""price"", ""delivery""]","{""price"": ""negative"", ""delivery"": ""negative""}",price,negative,digital,مميز وبسيط لكن الضرايب والتوصيل غالي,6,36,4★ + negative
6457,مميز وبسيط لكن الضرايب والتوصيل غالي,4,2023-12-18 00:00:00,Elmenus,food_delivery,play_store,"[""price"", ""delivery""]","{""price"": ""negative"", ""delivery"": ""negative""}",delivery,negative,digital,مميز وبسيط لكن الضرايب والتوصيل غالي,6,36,4★ + negative
9544,عايز احجز مش لاقي البنك التجاري الي حسابي عليه اي الحل,5,2026-02-01 00:00:00,Wego,travel,play_store,"[""app_experience""]","{""app_experience"": ""negative""}",app_experience,negative,hospitality,عايز احجز مش لاقي البنك التجاري الي حسابي عليه اي الحل,11,54,5★ + negative
6452,ممتاز جدا بس محتاج يزود بالمطاعم اكتر وخدمة التوصيل تكون متاحه باماكن اكتر لان في بعض مطاعم مش موجوده . وفي مطاعم غير متاح فيها توصيل لكل مكان . ولكن التطبيق ممتاز والخدمه سريعه والاسعار كويسة .. بالتوفيق ان شاءالله,5,2023-12-24 00:00:00,Elmenus,food_delivery,play_store,"[""app_experience"", ""delivery"", ""price""]","{""app_experience"": ""positive"", ""delivery"": ""negative"", ""price"": ""positive""}",delivery,negative,digital,ممتاز جدا بس محتاج يزود بالمطاعم اكتر وخدمة التوصيل تكون متاحه باماكن اكتر لان في بعض مطاعم مش موجوده . وفي مطاعم غير متاح فيها توصيل لكل مكان . ولكن التطبيق ممتاز والخدمه سريعه والاسعار كويسة .. بالتوفيق ان شاءالله,40,215,5★ + negative
2517,مطعم عادى اسعاار غاايه من غير داعى ملح زايد والاكل مش احسن حاجه,4,قبل أسبوع,بلبع فرع الشيخ زايد طريق الاوسطى,مطعم,google_maps,"[""price"", ""food""]","{""price"": ""negative"", ""food"": ""negative""}",price,negative,food_beverage,مطعم عادى اسعاار غاايه من غير داعى ملح زايد والاكل مش احسن حاجه,13,63,4★ + negative
2517,مطعم عادى اسعاار غاايه من غير داعى ملح زايد والاكل مش احسن حاجه,4,قبل أسبوع,بلبع فرع الشيخ زايد طريق الاوسطى,مطعم,google_maps,"[""price"", ""food""]","{""price"": ""negative"", ""food"": ""negative""}",food,negative,food_beverage,مطعم عادى اسعاار غاايه من غير داعى ملح زايد والاكل مش احسن حاجه,13,63,4★ + negative
3377,مطعمي  المفضل كل ماجيت القاهره نظافه و اكل وخدمه وضيافه  وأخلاق اتمنى مايكون تغير لاني جايه بعداسبوع بإذن الله طبعآ المطعم الدورالثاني. ولنا تقييم الآن  للأسف لايناسبهم كثيرآ لكن ربما يدفعهم  لتحسين الوضع لأنه أصبح سيئآجدا مع اني تابعت المراجعات الوقت الماضي القريب وعندما حضرت لديهم في يوم ٤نوفمبر للأكل وكان لي صديق قدتناول وجبه في الليله السابقه قداخبرني ان الطعام غير جيد. إلا أني اصررت ان اتناول عشائي  لديهم وقد حضرت للمطبخ قبل الجلوس على الطاوله ونبهت عليهم أن لايكون الاكل بأئتآ او معاد تسخينه بشكل متكرروطويل ماقدعرفته من كفته ضاني وحمام محشي وجدتها غيرجيده ولكني كنت جائع فأكملتها وقبل ذلك كانت أيضآ الخدمه ليست بالشكل المطلوب وقدمولي الطلب متأخر بأكثر من ٢٠دقيقه وايضآ الخبز ناشف ولم يغيره إلا بعدان طلبت ذلك. وقدحصل لدي حالة استفراغ لكامل الاكل في تلك الليله واصبت بإعياء شديد وقد عدت لهم في الليله التاليه ووجدت مديرالمطعم واخبرته بماحصل  وكنت انوي ان أتقدم بشكوى رسميه للجهات المختصه من صحه وسياحه وتعويضي والكشف على مرافق المطعم والعاملين إلا أني تجاوزت عنهم.واكتفي بهذا التعليق لكي احذرالمطعم والناس والله خيرالشاهدين,5,تاريخ التعديل: قبل 4 أشهر,بهية المهندسين,مطعم أطباق اللحوم,google_maps,"[""food"", ""service""]","{""food"": ""negative"", ""service"": ""negative""}",food,negative,food_beverage,مطعمي المفضل كل ماجيت القاهره نظافه و اكل وخدمه وضيافه واخلاق اتمنى مايكون تغير لاني جايه بعداسبوع باذن الله طبعا المطعم الدورالثاني. ولنا تقييم الان للاسف لايناسبهم كثيرا لكن ربما يدفعهم لتحسين الوضع لانه اصبح سيئاجدا مع اني تابعت المراجعات الوقت الماضي القريب وعندما حضرت لديهم في يوم ٤نوفمبر للاكل وكان لي صديق قدتناول وجبه في الليله السابقه قداخبرني ان الطعام غير جيد. الا اني اصررت ان اتناول عشائي لديهم وقد حضرت للمطبخ قبل الجلوس على الطاوله ونبهت عليهم ان لايكون الاكل بائتا او معاد تسخينه بشكل متكرروطويل ماقدعرفته من كفته ضاني وحمام محشي وجدتها غيرجيده ولكني كنت جائع فاكملتها وقبل ذلك كانت ايضا الخدمه ليست بالشكل المطلوب وقدمولي الطلب متاخر باكثر من ٢٠دقيقه وايضا الخبز ناشف ولم يغيره الا بعدان طلبت ذلك. وقدحصل لدي حالة استفراغ لكامل الاكل في تلك الليله واصبت باعياء شديد وقد عدت لهم في الليله التاليه ووجدت مديرالمطعم واخبرته بماحصل وكنت انوي ان اتقدم بشكوى رسميه للجهات المختصه من صحه وسياحه وتعويضي والكشف على مرافق المطعم والعاملين الا اني تجاوزت عنهم.واكتفي بهذا التعليق لكي احذرالمطعم والناس والله خيرالشاهدين,173,1027,5★ + negative
3377,مطعمي  المفضل كل ماجيت القاهره نظافه و اكل وخدمه وضيافه  وأخلاق اتمنى مايكون تغير لاني جايه بعداسبوع بإذن الله طبعآ المطعم الدورالثاني. ولنا تقييم الآن  للأسف لايناسبهم كثيرآ لكن ربما يدفعهم  لتحسين الوضع لأنه أصبح سيئآجدا مع اني تابعت المراجعات الوقت الماضي القريب وعندما حضرت لديهم في يوم ٤نوفمبر للأكل وكان لي صديق قدتناول وجبه في الليله السابقه قداخبرني ان الطعام غير جيد. إلا أني اصررت ان اتناول عشائي  لديهم وقد حضرت للمطبخ قبل الجلوس على الطاوله ونبهت عليهم أن لايكون الاكل بأئتآ او معاد تسخينه بشكل متكرروطويل ماقدعرفته من كفته ضاني وحمام محشي وجدتها غيرجيده ولكني كنت جائع فأكملتها وقبل ذلك كانت أيضآ الخدمه ليست بالشكل المطلوب وقدمولي الطلب متأخر بأكثر من ٢٠دقيقه وايضآ الخبز ناشف ولم يغيره إلا بعدان طلبت ذلك. وقدحصل لدي حالة استفراغ لكامل الاكل في تلك الليله واصبت بإعياء شديد وقد عدت لهم في الليله التاليه ووجدت مديرالمطعم واخبرته بماحصل  وكنت انوي ان أتقدم بشكوى رسميه للجهات المختصه من صحه وسياحه وتعويضي والكشف على مرافق المطعم والعاملين إلا أني تجاوزت عنهم.واكتفي بهذا التعليق لكي احذرالمطعم والناس والله خيرالشاهدين,5,تاريخ التعديل: قبل 4 أشهر,بهية المهندسين,مطعم أطباق اللحوم,google_maps,"[""food"", ""service""]","{""food"": ""negative"", ""service"": ""negative""}",service,negative,food_beverage,مطعمي المفضل كل ماجيت القاهره نظافه و اكل وخدمه وضيافه واخلاق اتمنى مايكون تغير لاني جايه بعداسبوع باذن الله طبعا المطعم الدورالثاني. ولنا تقييم الان للاسف لايناسبهم كثيرا لكن ربما يدفعهم لتحسين الوضع لانه اصبح سيئاجدا مع اني تابعت المراجعات الوقت الماضي القريب وعندما حضرت لديهم في يوم ٤نوفمبر للاكل وكان لي صديق قدتناول وجبه في الليله السابقه قداخبرني ان الطعام غير جيد. الا اني اصررت ان اتناول عشائي لديهم وقد حضرت للمطبخ قبل الجلوس على الطاوله ونبهت عليهم ان لايكون الاكل بائتا او معاد تسخينه بشكل متكرروطويل ماقدعرفته من كفته ضاني وحمام محشي وجدتها غيرجيده ولكني كنت جائع فاكملتها وقبل ذلك كانت ايضا الخدمه ليست بالشكل المطلوب وقدمولي الطلب متاخر باكثر من ٢٠دقيقه وايضا الخبز ناشف ولم يغيره الا بعدان طلبت ذلك. وقدحصل لدي حالة استفراغ لكامل الاكل في تلك الليله واصبت باعياء شديد وقد عدت لهم في الليله التاليه ووجدت مديرالمطعم واخبرته بماحصل وكنت انوي ان اتقدم بشكوى رسميه للجهات المختصه من صحه وسياحه وتعويضي والكشف على مرافق المطعم والعاملين الا اني تجاوزت عنهم.واكتفي بهذا التعليق لكي احذرالمطعم والناس والله خيرالشاهدين,173,1027,5★ + negative
5444,مكان لطيف لتقضيه سهره لطيفه مع الاصحاب وجميل لاعياد الميلاد ...الباند وعازف الأورج والمطربين ممتازين.. لكن يعيب المكان كثره الدخان اللي بيضايق غير المدخنين ... وكمان الصوت عالي جدا,4,قبل سنة,دقة عود,كافيه,google_maps,"[""ambiance"", ""cleanliness""]","{""ambiance"": ""negative"", ""cleanliness"": ""negative""}",ambiance,negative,food_beverage,مكان لطيف لتقضيه سهره لطيفه مع الاصحاب وجميل لاعياد الميلاد ..الباند وعازف الاورج والمطربين ممتازين.. لكن يعيب المكان كثره الدخان اللي بيضايق غير المدخنين .. وكمان الصوت عالي جدا,29,178,4★ + negative
5444,مكان لطيف لتقضيه سهره لطيفه مع الاصحاب وجميل لاعياد الميلاد ...الباند وعازف الأورج والمطربين ممتازين.. لكن يعيب المكان كثره الدخان اللي بيضايق غير المدخنين ... وكمان الصوت عالي جدا,4,قبل سنة,دقة عود,كافيه,google_maps,"[""ambiance"", ""cleanliness""]","{""ambiance"": ""negative"", ""cleanliness"": ""negative""}",cleanliness,negative,food_beverage,مكان لطيف لتقضيه سهره لطيفه مع الاصحاب وجميل لاعياد الميلاد ..الباند وعازف الاورج والمطربين ممتازين.. لكن يعيب المكان كثره الدخان اللي بيضايق غير المدخنين .. وكمان الصوت عالي جدا,29,178,4★ + negative
3899,الأكل كويس و الخدمه معقوله بس المكان مش احسن حاجه,4,قبل شهر,كبابجى صلى على النبى,مطعم مأكولات مشوية,google_maps,"[""food"", ""service"", ""ambiance""]","{""food"": ""positive"", ""service"": ""neutral"", ""ambiance"": ""negative""}",ambiance,negative,food_beverage,الاكل كويس و الخدمه معقوله بس المكان مش احسن حاجه,10,49,4★ + negative
7784,افتحوا الدفع عند الاستلام....... ياخي افتحوووو الدفع عند الاستلام.. لااله الاالله وحده.. لان مو الكل عنده بطاقه.. افتحوووو الدفع عند الاستلام..,4,2026-03-04 00:00:00,Amazon,ecommerce,play_store,"[""app_experience""]","{""app_experience"": ""negative""}",app_experience,negative,digital,افتحوا الدفع عند الاستلام.. ياخي افتحوو الدفع عند الاستلام.. لااله الاالله وحده.. لان مو الكل عنده بطاقه.. افتحوو الدفع عند الاستلام..,21,134,4★ + negative
3835,"افضل قيمة مقابل سعر و خدمة سريعة و المكان نظيف بس ديق شوية.
Best value for money grill house that offer Amazing Kufta, Tarb, & Shish Tawook.
Newly added to menu: Meloukeya",4,تاريخ التعديل: قبل 5 أشهر,محسن للمشويات,مطعم مأكولات مشوية,google_maps,"[""price"", ""service"", ""cleanliness"", ""ambiance"", ""food""]","{""price"": ""positive"", ""service"": ""positive"", ""cleanliness"": ""positive"", ""ambiance"": ""negative"", ""food"": ""positive""}",ambiance,negative,food_beverage,افضل قيمة مقابل سعر و خدمة سريعة و المكان نظيف بس ديق شوية. Best value for money grill house that offer Amazing Kufta، Tarb، & Shish Tawook. Newly added to menu: Meloukeya,32,171,4★ + negative
572,مكان حلو اكل حلو بس اسعار مبالغ فيها نوعة ما,4,قبل شهر,بيت ورد,مطعم مأكولات لبنانية,google_maps,"[""ambiance"", ""food"", ""price""]","{""ambiance"": ""positive"", ""food"": ""positive"", ""price"": ""negative""}",price,negative,food_beverage,مكان حلو اكل حلو بس اسعار مبالغ فيها نوعة ما,10,44,4★ + negative
2812,بس الدى جى الأغانى بتاعته كلها قديمه نصيحه لو عايز افرو يفضل بلاش المكان ده,5,قبل شهرين,Zulu in Cairo,مطعم مأكولات من جنوب إفريقيا,google_maps,"[""ambiance""]","{""ambiance"": ""negative""}",ambiance,negative,food_beverage,بس الدى جى الاغانى بتاعته كلها قديمه نصيحه لو عايز افرو يفضل بلاش المكان ده,15,75,5★ + negative
2038,"الاكل روعة السعر طبيعي غالي والخدمة كويسة
ارجو ملاحظة الشي طاووق يعملوه فهد وليس صدر زي عندنا في السعودية",5,قبل شهر,مطعم ميت موت مدينة الشيخ زايد,مطعم,google_maps,"[""food"", ""price"", ""service""]","{""food"": ""neutral"", ""price"": ""negative"", ""service"": ""positive""}",price,negative,food_beverage,الاكل روعة السعر طبيعي غالي والخدمة كويسة ارجو ملاحظة الشي طاووق يعملوه فهد وليس صدر زي عندنا في السعودية,19,105,5★ + negative
8321,برنامج محترم بس عايزين نسهل شوية تقييم سعر العقارات,5,2024-11-19 00:00:00,Aqarmap,real_estate,play_store,"[""app_experience"", ""price""]","{""app_experience"": ""positive"", ""price"": ""negative""}",price,negative,digital,برنامج محترم بس عايزين نسهل شوية تقييم سعر العقارات,9,51,5★ + negative
4428,حلو جدا ونظافه حلوه جدا  وفرح بجد تسلم ايديها هكررها تاني اكيد,2,قبل 6 أشهر,MOSCOW COLORS BEAUTY LOUNGE & SPA,صالون تجميل,google_maps,"[""cleanliness"", ""service""]","{""cleanliness"": ""positive"", ""service"": ""positive""}",cleanliness,positive,beauty_fitness,حلو جدا ونظافه حلوه جدا وفرح بجد تسلم ايديها هكررها تاني اكيد,12,61,2★ + positive
4428,حلو جدا ونظافه حلوه جدا  وفرح بجد تسلم ايديها هكررها تاني اكيد,2,قبل 6 أشهر,MOSCOW COLORS BEAUTY LOUNGE & SPA,صالون تجميل,google_maps,"[""cleanliness"", ""service""]","{""cleanliness"": ""positive"", ""service"": ""positive""}",service,positive,beauty_fitness,حلو جدا ونظافه حلوه جدا وفرح بجد تسلم ايديها هكررها تاني اكيد,12,61,2★ + positive
2618,"دخلنا وسألنا فيه كوفي وشاي؟
ردت الموظفه الاولى بدون ابتسامه ايوه ☺️
والثانيه لما جينا نجلس جتنا وقالت لو حتطلبوا درينك لازم تطلبوا سويت 😂ماحبيت اسلوب الاجبار!! عموما جربنا منقوشة العكاوي و القشقوان لذيذه والاطلاله ع النيل جميله لكن ماارجع له من اسلوبهم",1,تاريخ التعديل: قبل شهر,Dalida Cuisine el zamalek,مطعم,google_maps,"[""service"", ""food"", ""ambiance""]","{""service"": ""negative"", ""food"": ""positive"", ""ambiance"": ""positive""}",food,positive,food_beverage,دخلنا وسالنا فيه كوفي وشاي؟ ردت الموظفه الاولى بدون ابتسامه ايوه ☺️ والثانيه لما جينا نجلس جتنا وقالت لو حتطلبوا درينك لازم تطلبوا سويت 😂ماحبيت اسلوب الاجبار! عموما جربنا منقوشة العكاوي و القشقوان لذيذه والاطلاله ع النيل جميله لكن ماارجع له من اسلوبهم,43,251,1★ + positive
2618,"دخلنا وسألنا فيه كوفي وشاي؟
ردت الموظفه الاولى بدون ابتسامه ايوه ☺️
والثانيه لما جينا نجلس جتنا وقالت لو حتطلبوا درينك لازم تطلبوا سويت 😂ماحبيت اسلوب الاجبار!! عموما جربنا منقوشة العكاوي و القشقوان لذيذه والاطلاله ع النيل جميله لكن ماارجع له من اسلوبهم",1,تاريخ التعديل: قبل شهر,Dalida Cuisine el zamalek,مطعم,google_maps,"[""service"", ""food"", ""ambiance""]","{""service"": ""negative"", ""food"": ""positive"", ""ambiance"": ""positive""}",ambiance,positive,food_beverage,دخلنا وسالنا فيه كوفي وشاي؟ ردت الموظفه الاولى بدون ابتسامه ايوه ☺️ والثانيه لما جينا نجلس جتنا وقالت لو حتطلبوا درينك لازم تطلبوا سويت 😂ماحبيت اسلوب الاجبار! عموما جربنا منقوشة العكاوي و القشقوان لذيذه والاطلاله ع النيل جميله لكن ماارجع له من اسلوبهم,43,251,1★ + positive
4512,مطعم جميل ولكن خدمة عملاء سيئة,2,قبل 8 أشهر,Aboalyalshami,مطعم,google_maps,"[""ambiance"", ""service""]","{""ambiance"": ""positive"", ""service"": ""negative""}",ambiance,positive,food_beverage,مطعم جميل ولكن خدمة عملاء سيئة,6,30,2★ + positive
1660,جيد المكان صغير عكس ما تخيلته يقدم مشروبات وكوكيز وكعك بس بالنسبة لي صغير ما ناسبني,4,قبل شهر,Holm Cafe,مقهى,google_maps,"[""ambiance"", ""food""]","{""ambiance"": ""negative"", ""food"": ""neutral""}",ambiance,negative,food_beverage,جيد المكان صغير عكس ما تخيلته يقدم مشروبات وكوكيز وكعك بس بالنسبة لي صغير ما ناسبني,16,83,4★ + negative
963,السعر تمام كويس بس الكواليتي معجبتنيش خالص خالص الفراخ كانت معظمها عظم و شاربة زيت شوية الفرايز كانت حلوة ، الاوردر إلى حد ما بسرعة مجابش جلافز مع الاوردر و لا تيشو (انا اوريدي م بفضل الفراخ فالطعم معجبنيش، ماما و اخويا بيحبوا الفراخ قالوا انه كويس بس كانت تجربة و خلاص ),1,قبل شهرين,تشك تشكن,مطعم دجاج,google_maps,"[""price"", ""food"", ""delivery"", ""service""]","{""price"": ""positive"", ""food"": ""negative"", ""delivery"": ""neutral"", ""service"": ""negative""}",price,positive,food_beverage,السعر تمام كويس بس الكواليتي معجبتنيش خالص خالص الفراخ كانت معظمها عظم و شاربة زيت شوية الفرايز كانت حلوة ، الاوردر الى حد ما بسرعة مجابش جلافز مع الاوردر و لا تيشو (انا اوريدي م بفضل الفراخ فالطعم معجبنيش، ماما و اخويا بيحبوا الفراخ قالوا انه كويس بس كانت تجربة و خلاص ),53,271,1★ + positive
2317,"المكان كويس الناس الشغاله فيه ذوق الى حد ما بس جوده الاكل صعبه جدا
طلبت ٢ ساندوتش شاورما واتنين برجر اولا ده مش برجر الصوص طعمه غريب والله الأمراض بتيجى من كده ارجوكم اتقوا الله فى الناس
امى كنت مواعداها ناكل اكله حلوه يحصل فينا كده !! بجد مضايقه",1,قبل 3 أشهر,ست الشام,مطعم مأكولات سورية,google_maps,"[""ambiance"", ""service"", ""food""]","{""ambiance"": ""positive"", ""service"": ""positive"", ""food"": ""negative""}",ambiance,positive,food_beverage,المكان كويس الناس الشغاله فيه ذوق الى حد ما بس جوده الاكل صعبه جدا طلبت ٢ ساندوتش شاورما واتنين برجر اولا ده مش برجر الصوص طعمه غريب والله الامراض بتيجى من كده ارجوكم اتقوا الله فى الناس امى كنت مواعداها ناكل اكله حلوه يحصل فينا كده ! بجد مضايقه,49,245,1★ + positive
2317,"المكان كويس الناس الشغاله فيه ذوق الى حد ما بس جوده الاكل صعبه جدا
طلبت ٢ ساندوتش شاورما واتنين برجر اولا ده مش برجر الصوص طعمه غريب والله الأمراض بتيجى من كده ارجوكم اتقوا الله فى الناس
امى كنت مواعداها ناكل اكله حلوه يحصل فينا كده !! بجد مضايقه",1,قبل 3 أشهر,ست الشام,مطعم مأكولات سورية,google_maps,"[""ambiance"", ""service"", ""food""]","{""ambiance"": ""positive"", ""service"": ""positive"", ""food"": ""negative""}",service,positive,food_beverage,المكان كويس الناس الشغاله فيه ذوق الى حد ما بس جوده الاكل صعبه جدا طلبت ٢ ساندوتش شاورما واتنين برجر اولا ده مش برجر الصوص طعمه غريب والله الامراض بتيجى من كده ارجوكم اتقوا الله فى الناس امى كنت مواعداها ناكل اكله حلوه يحصل فينا كده ! بجد مضايقه,49,245,1★ + positive
413,"الاكل ممتاز زي باقي الفروع .. اابيتزا و المعجنات كلها عموما خطيره خطيره

المنقوشه قشطه و عسل بتعملي دماغ و بتعلي الموود

وجنبه النص فرخه مسحب اكثر اكثر مارائعه و مش هتقدر تكملها و يعتبر بتاكل اكتر من صنف فيها فتشبعك نفسيا كمان

المكان ممكن مشكلته ان الصاله صغيره جدا",5,قبل شهرين,مطعم انس الدمشقي,مطعم مأكولات سورية,google_maps,"[""food"", ""ambiance""]","{""food"": ""positive"", ""ambiance"": ""negative""}",ambiance,negative,food_beverage,الاكل ممتاز زي باقي الفروع .. اابيتزا و المعجنات كلها عموما خطيره خطيره المنقوشه قشطه و عسل بتعملي دماغ و بتعلي الموود وجنبه النص فرخه مسحب اكثر اكثر مارائعه و مش هتقدر تكملها و يعتبر بتاكل اكتر من صنف فيها فتشبعك نفسيا كمان المكان ممكن مشكلته ان الصاله صغيره جدا,50,263,5★ + negative
3217,"بالنسبه للمكان جميل
بس تيجى تقعد على طربيزه يقولك محجوزه
مع العلم معلهاش حجز أو حاجه
فأعتقد أنهم بيفضلو الطربيزات لناس وناس وده مش حلو بصراحه",2,قبل شهرين,Carlton Downtown Cairo,فندق,google_maps,"[""ambiance"", ""service""]","{""ambiance"": ""positive"", ""service"": ""negative""}",ambiance,positive,hospitality,بالنسبه للمكان جميل بس تيجى تقعد على طربيزه يقولك محجوزه مع العلم معلهاش حجز او حاجه فاعتقد انهم بيفضلو الطربيزات لناس وناس وده مش حلو بصراحه,26,141,2★ + positive
4292,مطعم ايطالي لطيف مختص بالبيتزا و الباستا اول مره في فرع التجمع المكان هادي و لطيف بس فرع مصر الجديده احسن و اكبر من حيث الخدمه و المنيو دايما بيكون موجود بالكامل,4,قبل 4 أشهر,بيتزا و باستا سان مارينو القاهرة الجديدة,مطعم مأكولات إيطالية,google_maps,"[""ambiance"", ""service"", ""food""]","{""ambiance"": ""positive"", ""service"": ""negative"", ""food"": ""negative""}",service,negative,food_beverage,مطعم ايطالي لطيف مختص بالبيتزا و الباستا اول مره في فرع التجمع المكان هادي و لطيف بس فرع مصر الجديده احسن و اكبر من حيث الخدمه و المنيو دايما بيكون موجود بالكامل,32,161,4★ + negative
4292,مطعم ايطالي لطيف مختص بالبيتزا و الباستا اول مره في فرع التجمع المكان هادي و لطيف بس فرع مصر الجديده احسن و اكبر من حيث الخدمه و المنيو دايما بيكون موجود بالكامل,4,قبل 4 أشهر,بيتزا و باستا سان مارينو القاهرة الجديدة,مطعم مأكولات إيطالية,google_maps,"[""ambiance"", ""service"", ""food""]","{""ambiance"": ""positive"", ""service"": ""negative"", ""food"": ""negative""}",food,negative,food_beverage,مطعم ايطالي لطيف مختص بالبيتزا و الباستا اول مره في فرع التجمع المكان هادي و لطيف بس فرع مصر الجديده احسن و اكبر من حيث الخدمه و المنيو دايما بيكون موجود بالكامل,32,161,4★ + negative
796,الاكل حلو بس المكان محتاج ترتيب و تنظيم احسن من كده فى رمضان يعنى هو اختيار ممتاز فى غير رمضان,5,قبل أسبوع,مطعم بحري,مطعم مأكولات بحرية,google_maps,"[""food"", ""cleanliness"", ""ambiance""]","{""food"": ""positive"", ""cleanliness"": ""negative"", ""ambiance"": ""negative""}",cleanliness,negative,food_beverage,الاكل حلو بس المكان محتاج ترتيب و تنظيم احسن من كده فى رمضان يعنى هو اختيار ممتاز فى غير رمضان,20,94,5★ + negative
796,الاكل حلو بس المكان محتاج ترتيب و تنظيم احسن من كده فى رمضان يعنى هو اختيار ممتاز فى غير رمضان,5,قبل أسبوع,مطعم بحري,مطعم مأكولات بحرية,google_maps,"[""food"", ""cleanliness"", ""ambiance""]","{""food"": ""positive"", ""cleanliness"": ""negative"", ""ambiance"": ""negative""}",ambiance,negative,food_beverage,الاكل حلو بس المكان محتاج ترتيب و تنظيم احسن من كده فى رمضان يعنى هو اختيار ممتاز فى غير رمضان,20,94,5★ + negative
518,طلبت بروست من نفس المطعم مو توصيل وبعد فتح البوكس كان الدجاج بارد وله يمكن اكثر من ساعتين البروست لازم يكون فوري مو يجهز ويبقق بالساعات صراحة لا انصح فيه,5,قبل شهر,مطاعم أبو عمار السوري المهندسين,مطعم مأكولات سورية,google_maps,"[""food""]","{""food"": ""negative""}",food,negative,food_beverage,طلبت بروست من نفس المطعم مو توصيل وبعد فتح البوكس كان الدجاج بارد وله يمكن اكثر من ساعتين البروست لازم يكون فوري مو يجهز ويبقق بالساعات صراحة لا انصح فيه,30,153,5★ + negative
1132,"طليت البيتزا البيبروني ، الخامات كانت ممتازة و الجبنة بتشد و جميلة بس البيتزا كانت مليانة مكونات و مكنش في طعم مميز و إجمالا مطلبهاش تاني

بس المطعم مشهور بالباستا و أنهم متميزين بيها بس للأسف مقدرتش اطلبها

المكان أجوائه جميلو جدا و قعدتها لطيفة جدا جدا
الخدمة كانت محترمة و الموظفين لبسهم نظيف و مرتب و علي قدر كبير من الإحترافية",4,قبل شهر,بيسترو مدينة نصر,مطعم مأكولات إيطالية,google_maps,"[""food"", ""ambiance"", ""service"", ""cleanliness""]","{""food"": ""negative"", ""ambiance"": ""positive"", ""service"": ""positive"", ""cleanliness"": ""positive""}",food,negative,food_beverage,طليت البيتزا البيبروني ، الخامات كانت ممتازة و الجبنة بتشد و جميلة بس البيتزا كانت مليانة مكونات و مكنش في طعم مميز و اجمالا مطلبهاش تاني بس المطعم مشهور بالباستا و انهم متميزين بيها بس للاسف مقدرتش اطلبها المكان اجوائه جميلو جدا و قعدتها لطيفة جدا جدا الخدمة كانت محترمة و الموظفين لبسهم نظيف و مرتب و علي قدر كبير من الاحترافية,62,329,4★ + negative
8470,كان يوجد مشكلة فى تحميل البرنامج وتم إصلاحها بعد التواصل مع فريق الدعم,4,2022-08-09 00:00:00,Aqarmap,real_estate,play_store,"[""app_experience"", ""service""]","{""app_experience"": ""negative"", ""service"": ""positive""}",app_experience,negative,digital,كان يوجد مشكلة فى تحميل البرنامج وتم اصلاحها بعد التواصل مع فريق الدعم,13,70,4★ + negative
3068,الاكل كان حلو بس كان جاي بارد خالص بس الاجواء جميلة,4,قبل شهر,Roufy’s Maadi 231,مطعم مأكولات أمريكية,google_maps,"[""food"", ""delivery"", ""ambiance""]","{""food"": ""positive"", ""delivery"": ""negative"", ""ambiance"": ""positive""}",delivery,negative,food_beverage,الاكل كان حلو بس كان جاي بارد خالص بس الاجواء جميلة,11,51,4★ + negative
4636,"الشقه بصراحه جميله وصاحبة الشقه أ.هاله ذو اخلاق رفيعة المستوى
والشقه مطله على النيل وسعرها مناسب
بالنسبه للبرج يحتاج الى التفات منالمشغلون له",5,قبل 3 أشهر,فندق الياسمين المنيل,فندق,google_maps,"[""ambiance"", ""service"", ""price"", ""cleanliness""]","{""ambiance"": ""positive"", ""service"": ""positive"", ""price"": ""positive"", ""cleanliness"": ""negative""}",cleanliness,negative,hospitality,الشقه بصراحه جميله وصاحبة الشقه ا.هاله ذو اخلاق رفيعة المستوى والشقه مطله على النيل وسعرها مناسب بالنسبه للبرج يحتاج الى التفات منالمشغلون له,23,141,5★ + negative
3264,"من أجمل الاماكن في القاهرة بالنسبة لي ، جلسة مريحة ورائعه تنفع للأسترخاء وتشرب فيها احلى "" ميكاتو "" وتقريباً اجمل مكان يسوي الميكاتو في القاهرة الخدمة مش احترافيه صراحه ولكن لايعيب المكان .",5,قبل 4 أشهر,Garden Promenade Café,مطعم,google_maps,"[""ambiance"", ""food"", ""service""]","{""ambiance"": ""positive"", ""food"": ""positive"", ""service"": ""negative""}",service,negative,food_beverage,"من اجمل الاماكن في القاهرة بالنسبة لي ، جلسة مريحة ورائعه تنفع للاسترخاء وتشرب فيها احلى "" ميكاتو "" وتقريبا اجمل مكان يسوي الميكاتو في القاهرة الخدمة مش احترافيه صراحه ولكن لايعيب المكان .",34,188,5★ + negative
6518,طبعاً اشكر شركة كريم على هذا التطبيق الرائع الذي جعلني اتنقل بسهولة ولكن توجد مشكلة واحدة وهيه انا لايوجد لي قائمة بالطعام يعني لااستطيع طلب الطعام لان لايوجد هذه الخاصية فقط مشاوير..,4,2026-03-12 00:00:00,Careem,transport,play_store,"[""app_experience""]","{""app_experience"": ""negative""}",app_experience,negative,transport,طبعا اشكر شركة كريم على هذا التطبيق الرائع الذي جعلني اتنقل بسهولة ولكن توجد مشكلة واحدة وهيه انا لايوجد لي قائمة بالطعام يعني لااستطيع طلب الطعام لان لايوجد هذه الخاصية فقط مشاوير..,32,182,4★ + negative
3656,مستوى الخدمه والاكل اقل من الأول,4,تاريخ التعديل: قبل شهرين,المخبز اللبناني,مطعم بيتزا,google_maps,"[""service"", ""food""]","{""service"": ""negative"", ""food"": ""negative""}",service,negative,food_beverage,مستوى الخدمه والاكل اقل من الاول,6,32,4★ + negative
3656,مستوى الخدمه والاكل اقل من الأول,4,تاريخ التعديل: قبل شهرين,المخبز اللبناني,مطعم بيتزا,google_maps,"[""service"", ""food""]","{""service"": ""negative"", ""food"": ""negative""}",food,negative,food_beverage,مستوى الخدمه والاكل اقل من الاول,6,32,4★ + negative
9301,رائع ولاكن يحتاج الي تتطور,5,2026-03-01 00:00:00,Spotify,entertainment,play_store,"[""app_experience""]","{""app_experience"": ""negative""}",app_experience,negative,entertainment,رائع ولاكن يحتاج الي تتطور,5,26,5★ + negative
3199,"عملت عملية جراحية مع دكتور شديد الرفق بالناس وجزاه الله خيرا
ولكن بقيت بالمستشفى لليوم التالي ( الجمعه ٢يناير٢٦) وقبل الظهر مر علي المناوب طبيب اسمر طويل وكان اسلوبه يخلو من ادنى درجات الرحمه وكلمني باسلوب لا يخلو من الاستهزاء على تعبي وشكواي وكأني طفله أمامه اتدلع ولا راعى ضعف مرضي ولا حتى سني الذي هو بالتأكيد مثل سن والدته او أخته الكبيره ان لم اخطئ
وطلبت تصفية حسابي قبل الظهر وخروجي م المشفى خوفًا من وقوعي تحت يده بقية اليوم",4,قبل شهرين,مستشفى الجنزوري التخصصي,مستشفى,google_maps,"[""service""]","{""service"": ""negative""}",service,negative,healthcare,عملت عملية جراحية مع دكتور شديد الرفق بالناس وجزاه الله خيرا ولكن بقيت بالمستشفى لليوم التالي ( الجمعه ٢يناير٢٦) وقبل الظهر مر علي المناوب طبيب اسمر طويل وكان اسلوبه يخلو من ادنى درجات الرحمه وكلمني باسلوب لا يخلو من الاستهزاء على تعبي وشكواي وكاني طفله امامه اتدلع ولا راعى ضعف مرضي ولا حتى سني الذي هو بالتاكيد مثل سن والدته او اخته الكبيره ان لم اخطئ وطلبت تصفية حسابي قبل الظهر وخروجي م المشفى خوفا من وقوعي تحت يده بقية اليوم,81,430,4★ + negative
6862,أوقات زيادة الطلب ترفع الأجرة بصورة مبالغ فيها,4,2026-03-12 00:00:00,Uber,transport,play_store,"[""price""]","{""price"": ""negative""}",price,negative,transport,اوقات زيادة الطلب ترفع الاجرة بصورة مبالغ فيها,8,46,4★ + negative
8255,الابلكيشن مش راضي يفتح مسحته وحملته من جديد لكن مفيش فايده مش بيفتح ابدا ارجو حل المشكله,4,2025-07-15 00:00:00,Aqarmap,real_estate,play_store,"[""app_experience""]","{""app_experience"": ""negative""}",app_experience,negative,digital,الابلكيشن مش راضي يفتح مسحته وحملته من جديد لكن مفيش فايده مش بيفتح ابدا ارجو حل المشكله,17,88,4★ + negative
4352,الخدمة كويسة والعاملين ذوق جدا لكن الاسعار عالية جدا أنا للأسف ما اعرفش الاسعار في المحلات الاخري لاني كنت مش عايشة في مصر لفترة لكن بعد ما عملت وقولت للناس ع الاسعار اتصدموا لانها فعليا اكثر من الضعف من الطبيعي,2,قبل يوم واحد,Women's Beauty salon,صالون تجميل,google_maps,"[""service"", ""price""]","{""service"": ""positive"", ""price"": ""negative""}",service,positive,beauty_fitness,الخدمة كويسة والعاملين ذوق جدا لكن الاسعار عالية جدا انا للاسف ما اعرفش الاسعار في المحلات الاخري لاني كنت مش عايشة في مصر لفترة لكن بعد ما عملت وقولت للناس ع الاسعار اتصدموا لانها فعليا اكثر من الضعف من الطبيعي,40,211,2★ + positive
9262,لم استطع تسجيل الدخول و فتح التطبيق بعد الكثير من المحاولات لقد تدهور بعد التحديثات الأخيرة,4,2026-03-03 00:00:00,Spotify,entertainment,play_store,"[""app_experience""]","{""app_experience"": ""negative""}",app_experience,negative,entertainment,لم استطع تسجيل الدخول و فتح التطبيق بعد الكثير من المحاولات لقد تدهور بعد التحديثات الاخيرة,16,91,4★ + negative
9453,ممتاز جداً شكراً لكم تطبيق جيد جداً,1,2026-02-26 00:00:00,Wego,travel,play_store,"[""app_experience""]","{""app_experience"": ""positive""}",app_experience,positive,hospitality,ممتاز جدا شكرا لكم تطبيق جيد جدا,7,32,1★ + positive
7385,ياريت الاوردرات تتجمع ع بعض وتوصل وقت واحد يكون افضل بكتير من أن كل يوم استلم حاجه ويكون هوا اوردر واحد,5,2026-03-10 00:00:00,Jumia,ecommerce,play_store,"[""delivery""]","{""delivery"": ""negative""}",delivery,negative,digital,ياريت الاوردرات تتجمع ع بعض وتوصل وقت واحد يكون افضل بكتير من ان كل يوم استلم حاجه ويكون هوا اوردر واحد,21,103,5★ + negative
1583,ذهبت لشراء من الحسين ومرينا على فرحات وطلبنا حمام محشي وطرب وكفته وحووشي  وسلطة للامانة كانت لذيذة بس المكان مره صغير يعنى محل قديم جدا له زبائنه الدين يبحثون على الطعم وليس شكل المكان وعلى فكرة المكان مليء بالقطط الي تخاف من القطط تكون حذرة,5,قبل شهرين,كبابجي الأزهر فرحات قسم الجمالية,مطعم مأكولات مشوية,google_maps,"[""food"", ""ambiance"", ""cleanliness""]","{""food"": ""positive"", ""ambiance"": ""negative"", ""cleanliness"": ""negative""}",ambiance,negative,food_beverage,ذهبت لشراء من الحسين ومرينا على فرحات وطلبنا حمام محشي وطرب وكفته وحووشي وسلطة للامانة كانت لذيذة بس المكان مره صغير يعنى محل قديم جدا له زبائنه الدين يبحثون على الطعم وليس شكل المكان وعلى فكرة المكان مليء بالقطط الي تخاف من القطط تكون حذرة,45,240,5★ + negative
1583,ذهبت لشراء من الحسين ومرينا على فرحات وطلبنا حمام محشي وطرب وكفته وحووشي  وسلطة للامانة كانت لذيذة بس المكان مره صغير يعنى محل قديم جدا له زبائنه الدين يبحثون على الطعم وليس شكل المكان وعلى فكرة المكان مليء بالقطط الي تخاف من القطط تكون حذرة,5,قبل شهرين,كبابجي الأزهر فرحات قسم الجمالية,مطعم مأكولات مشوية,google_maps,"[""food"", ""ambiance"", ""cleanliness""]","{""food"": ""positive"", ""ambiance"": ""negative"", ""cleanliness"": ""negative""}",cleanliness,negative,food_beverage,ذهبت لشراء من الحسين ومرينا على فرحات وطلبنا حمام محشي وطرب وكفته وحووشي وسلطة للامانة كانت لذيذة بس المكان مره صغير يعنى محل قديم جدا له زبائنه الدين يبحثون على الطعم وليس شكل المكان وعلى فكرة المكان مليء بالقطط الي تخاف من القطط تكون حذرة,45,240,5★ + negative
3983,اوتيل جميل بس مشكلته قديم موقعه حلو مقابل النيل في مصر القديمة التيم تبع الاوتيل كويسين مره  كتعامل,2,قبل شهر,Nile View Inn,فندق,google_maps,"[ ""ambiance"", ""service""]","{""ambiance"": ""positive"", ""service"": ""positive""}",ambiance,positive,hospitality,اوتيل جميل بس مشكلته قديم موقعه حلو مقابل النيل في مصر القديمة التيم تبع الاوتيل كويسين مره كتعامل,18,98,2★ + positive
3983,اوتيل جميل بس مشكلته قديم موقعه حلو مقابل النيل في مصر القديمة التيم تبع الاوتيل كويسين مره  كتعامل,2,قبل شهر,Nile View Inn,فندق,google_maps,"[ ""ambiance"", ""service""]","{""ambiance"": ""positive"", ""service"": ""positive""}",service,positive,hospitality,اوتيل جميل بس مشكلته قديم موقعه حلو مقابل النيل في مصر القديمة التيم تبع الاوتيل كويسين مره كتعامل,18,98,2★ + positive
5301,"مفيش مصداقية نهائى بتصل بيهم بسأل على أنسولين نوفو رابيد حد قالى موجود وقالى على سعره لسه هاطلبه واقوله يجيبه عمل نفسه مش سامعنى وقعد يقول الو وفى الأخر قفل فى وشى اتصلت تانى بيهم واحد رد عليا قالى مش موجود قولتله ازاى لسه زميلك قالى انه موجود قالى لا مش موجود وحسبي الله ونعم الوكيل بيخبوا العلاج من الناس

تعديل للمصداقية بعدها حد تواصل معايا من خدمة العملاء وحكتلهم على إلى حصل وتواصلوا مع الفرع وقالولى موجود بس هتاخدى خرطوشة واحده عشان هو ناقص قلتلهم تمام حولوني على الفرع الفرع قالى متاح علبة وده اكسيبشن لحضرتك عشان تنورينا بالأتصال تانى وقولتلهم تمام وبعتوهالى وكانت محفوظة بشكل كويس عشان ميفسدش ده كل إلى حصل للأمانة",1,تاريخ التعديل: قبل سنة,صيدليات دلمار وعطا الله فرع 26 يوليو,صيدلية,google_maps,"[""service""]","{""service"": ""positive""}",service,positive,healthcare,مفيش مصداقية نهائى بتصل بيهم بسال على انسولين نوفو رابيد حد قالى موجود وقالى على سعره لسه هاطلبه واقوله يجيبه عمل نفسه مش سامعنى وقعد يقول الو وفى الاخر قفل فى وشى اتصلت تانى بيهم واحد رد عليا قالى مش موجود قولتله ازاى لسه زميلك قالى انه موجود قالى لا مش موجود وحسبي الله ونعم الوكيل بيخبوا العلاج من الناس تعديل للمصداقية بعدها حد تواصل معايا من خدمة العملاء وحكتلهم على الى حصل وتواصلوا مع الفرع وقالولى موجود بس هتاخدى خرطوشة واحده عشان هو ناقص قلتلهم تمام حولوني على الفرع الفرع قالى متاح علبة وده اكسيبشن لحضرتك عشان تنورينا بالاتصال تانى وقولتلهم تمام وبعتوهالى وكانت محفوظة بشكل كويس عشان ميفسدش ده كل الى حصل للامانة,115,624,1★ + positive
3948,مع اني مش بحب الانتظار عند دكاتره الاسنان بس انا بحب العياده,5,قبل 6 أشهر,دكتور فادى رياض,عِيادة أسنان,google_maps,"[""ambiance"", ""service""]","{""ambiance"": ""positive"", ""service"": ""negative""}",service,negative,healthcare,مع اني مش بحب الانتظار عند دكاتره الاسنان بس انا بحب العياده,12,60,5★ + negative
2486,مكان يتجمع فيه الكثير من تجار الملابس والبيع باسعار معقوله ويحتوى علي فات وانواع مختلفه من الملابس والمفروشات  وقريب من المواصلات والطريق العام كرنيش النيل,2,قبل سنتين,El Wekala . -. براندز,متجر ملابس,google_maps,"[""price"", ""ambiance""]","{""price"": ""positive"", ""ambiance"": ""positive""}",price,positive,retail,مكان يتجمع فيه الكثير من تجار الملابس والبيع باسعار معقوله ويحتوى علي فات وانواع مختلفه من الملابس والمفروشات وقريب من المواصلات والطريق العام كرنيش النيل,25,154,2★ + positive
2486,مكان يتجمع فيه الكثير من تجار الملابس والبيع باسعار معقوله ويحتوى علي فات وانواع مختلفه من الملابس والمفروشات  وقريب من المواصلات والطريق العام كرنيش النيل,2,قبل سنتين,El Wekala . -. براندز,متجر ملابس,google_maps,"[""price"", ""ambiance""]","{""price"": ""positive"", ""ambiance"": ""positive""}",ambiance,positive,retail,مكان يتجمع فيه الكثير من تجار الملابس والبيع باسعار معقوله ويحتوى علي فات وانواع مختلفه من الملابس والمفروشات وقريب من المواصلات والطريق العام كرنيش النيل,25,154,2★ + positive
8009,ياجماهة شو قصة التطبيق,5,2024-06-03 00:00:00,Shop,ecommerce,play_store,"[""app_experience""]","{""app_experience"": ""negative""}",app_experience,negative,digital,ياجماهة شو قصة التطبيق,4,22,5★ + negative
5219,سعر الكابتن اوفر جدا والموظفين ليس لديهم صلاحية فقط بنفذ تعليمات,5,قبل 4 أشهر,Force Gym,صالة رياضة,google_maps,"[""price"", ""service""]","{""price"": ""negative"", ""service"": ""negative""}",price,negative,beauty_fitness,سعر الكابتن اوفر جدا والموظفين ليس لديهم صلاحية فقط بنفذ تعليمات,11,64,5★ + negative
5219,سعر الكابتن اوفر جدا والموظفين ليس لديهم صلاحية فقط بنفذ تعليمات,5,قبل 4 أشهر,Force Gym,صالة رياضة,google_maps,"[""price"", ""service""]","{""price"": ""negative"", ""service"": ""negative""}",service,negative,beauty_fitness,سعر الكابتن اوفر جدا والموظفين ليس لديهم صلاحية فقط بنفذ تعليمات,11,64,5★ + negative
9537,أشكر الأستاذ علاء ماهر على تعاونه وسرعة حل المشكلة 🙏 كنت حاجزة فندق عبر تطبيق ويجو ولم يصلني تأكيد الحجز، لكنه تابع الموضوع معي حتى انحلت بالكامل. تعامل راقي واهتمام حقيقي بالعميل — يستاهل أكثر من خمس نجوم ⭐⭐⭐⭐⭐,5,2026-02-03 00:00:00,Wego,travel,play_store,"[""service"", ""app_experience""]","{""service"": ""positive"", ""app_experience"": ""negative""}",app_experience,negative,hospitality,اشكر الاستاذ علاء ماهر على تعاونه وسرعة حل المشكلة 🙏 كنت حاجزة فندق عبر تطبيق ويجو ولم يصلني تاكيد الحجز، لكنه تابع الموضوع معي حتى انحلت بالكامل. تعامل راقي واهتمام حقيقي بالعميل — يستاهل اكثر من خمس نجوم ⭐⭐,39,208,5★ + negative
4177,افضل كابتن عندهم حبيبه غيره المركز جداً سيء,1,قبل 7 أشهر,نادى الديب الصحى بالقاهرة,غرفة لياقة,google_maps,"[""service""]","{""service"": ""positive""}",service,positive,beauty_fitness,افضل كابتن عندهم حبيبه غيره المركز جدا سيء,8,42,1★ + positive
5073,"كانت لي تجربة رائعة ومريحة جدًا في مركز الأسنان، من أول لحظة دخول شعرت بالاهتمام والاحترام.
الاستقبال كان راقياً والتنظيم ممتاز، والمواعيد دقيقة بدون أي تأخير.
الدكتور طارق حداد كان محترفًا وشرح لي حالتي بكل وضوح وبساطة وأشكره ع اهتمامه وإحترافيته .",1,قبل شهرين,عيادات الفارابي - Al- Farabi Clinics,طبيب أسنان,google_maps,"[""service"", ""ambiance""]","{""service"": ""positive"", ""ambiance"": ""positive""}",service,positive,healthcare,كانت لي تجربة رائعة ومريحة جدا في مركز الاسنان، من اول لحظة دخول شعرت بالاهتمام والاحترام. الاستقبال كان راقيا والتنظيم ممتاز، والمواعيد دقيقة بدون اي تاخير. الدكتور طارق حداد كان محترفا وشرح لي حالتي بكل وضوح وبساطة واشكره ع اهتمامه واحترافيته .,42,246,1★ + positive
5073,"كانت لي تجربة رائعة ومريحة جدًا في مركز الأسنان، من أول لحظة دخول شعرت بالاهتمام والاحترام.
الاستقبال كان راقياً والتنظيم ممتاز، والمواعيد دقيقة بدون أي تأخير.
الدكتور طارق حداد كان محترفًا وشرح لي حالتي بكل وضوح وبساطة وأشكره ع اهتمامه وإحترافيته .",1,قبل شهرين,عيادات الفارابي - Al- Farabi Clinics,طبيب أسنان,google_maps,"[""service"", ""ambiance""]","{""service"": ""positive"", ""ambiance"": ""positive""}",ambiance,positive,healthcare,كانت لي تجربة رائعة ومريحة جدا في مركز الاسنان، من اول لحظة دخول شعرت بالاهتمام والاحترام. الاستقبال كان راقيا والتنظيم ممتاز، والمواعيد دقيقة بدون اي تاخير. الدكتور طارق حداد كان محترفا وشرح لي حالتي بكل وضوح وبساطة واشكره ع اهتمامه واحترافيته .,42,246,1★ + positive
4842,"عياده نظيف و دكاتره ممتازه بس للاسف عدم دقه في المواعيد و الحجز و الغاء كتير جدا ، من أصعب العيادات في التنسيق للمواعيد "" عن تجربه مع عياده الاطفال """,1,قبل شهر,Misr Modern Clinics عيادات مصر الحديثه ( فرع ميشيل باخوم ),مركز طبي,google_maps,"[""cleanliness"", ""service""]","{""cleanliness"": ""positive"", ""service"": ""negative""}",cleanliness,positive,healthcare,"عياده نظيف و دكاتره ممتازه بس للاسف عدم دقه في المواعيد و الحجز و الغاء كتير جدا ، من اصعب العيادات في التنسيق للمواعيد "" عن تجربه مع عياده الاطفال """,31,149,1★ + positive
2487,مكان جميل اسعار غالية,4,قبل شهر,Marasy cafe,مقهى,google_maps,"[""ambiance"", ""price""]","{""ambiance"": ""positive"", ""price"": ""negative""}",price,negative,food_beverage,مكان جميل اسعار غالية,4,21,4★ + negative
8258,الموقع مش عايز يفتح خالص مسحته وعملت اعاده تثبيت لكن دون جدوه فقط شاشه زرقاء واسم الموقع فقط ارجو حل المشكله في اسرع وقت توصلت علي الايميل ولا يوجد رد المشكله اتحلت الحمدلله شكرا علي الاهتمام وعلي سرعه واستجابه الرد,5,2025-07-09 00:00:00,Aqarmap,real_estate,play_store,"[""app_experience"", ""service""]","{""app_experience"": ""negative"", ""service"": ""positive""}",app_experience,negative,digital,الموقع مش عايز يفتح خالص مسحته وعملت اعاده تثبيت لكن دون جدوه فقط شاشه زرقاء واسم الموقع فقط ارجو حل المشكله في اسرع وقت توصلت علي الايميل ولا يوجد رد المشكله اتحلت الحمدلله شكرا علي الاهتمام وعلي سرعه واستجابه الرد,40,215,5★ + negative
2786,مطعم اسماك جيد ولكن الأسعار مبالغ فيها,4,تاريخ التعديل: قبل شهر,مطعم الصلاة على النبي للمأكولات البحريه ٢ فرع التجمع الخامس,مطعم مأكولات بحرية,google_maps,"[""food"", ""price""]","{""food"": ""positive"", ""price"": ""negative""}",price,negative,food_beverage,مطعم اسماك جيد ولكن الاسعار مبالغ فيها,7,38,4★ + negative
2702,المول اول كان جميل الان تغير مافيه بضاعات جديد واكثر المحلات مقفله,4,قبل 4 أشهر,مول رمسيس,مركز تسوق,google_maps,"[""ambiance""]","{""ambiance"": ""negative""}",ambiance,negative,retail,المول اول كان جميل الان تغير مافيه بضاعات جديد واكثر المحلات مقفله,12,66,4★ + negative
8733,تطبيق بجنن بس بده شحن يعني تشحن له مصاري واذا كنت مشغل اغنيه وبتلعب لعبه لازم تطلع من اللعبه عشان بدي الاغنيه خلصت ترجعها,5,2026-02-20 00:00:00,Anghami,entertainment,play_store,"[""app_experience"", ""price""]","{""app_experience"": ""neutral"", ""price"": ""negative""}",price,negative,entertainment,تطبيق بجنن بس بده شحن يعني تشحن له مصاري واذا كنت مشغل اغنيه وبتلعب لعبه لازم تطلع من اللعبه عشان بدي الاغنيه خلصت ترجعها,24,121,5★ + negative
6812,في ملاحظه فبعالدفع,5,2026-03-13 00:00:00,Uber,transport,play_store,"[""app_experience""]","{""app_experience"": ""negative""}",app_experience,negative,transport,في ملاحظه فبعالدفع,3,18,5★ + negative
4841,المكان نضيف جدا ودكتور اندرو عاطف ممتازومستمع جيد للمريض والاستقبال محترمين ف التعامل,1,قبل شهر,Misr Modern Clinics عيادات مصر الحديثه ( فرع ميشيل باخوم ),مركز طبي,google_maps,"[""cleanliness"", ""service""]","{""cleanliness"": ""positive"", ""service"": ""positive""}",cleanliness,positive,healthcare,المكان نضيف جدا ودكتور اندرو عاطف ممتازومستمع جيد للمريض والاستقبال محترمين ف التعامل,13,85,1★ + positive
4841,المكان نضيف جدا ودكتور اندرو عاطف ممتازومستمع جيد للمريض والاستقبال محترمين ف التعامل,1,قبل شهر,Misr Modern Clinics عيادات مصر الحديثه ( فرع ميشيل باخوم ),مركز طبي,google_maps,"[""cleanliness"", ""service""]","{""cleanliness"": ""positive"", ""service"": ""positive""}",service,positive,healthcare,المكان نضيف جدا ودكتور اندرو عاطف ممتازومستمع جيد للمريض والاستقبال محترمين ف التعامل,13,85,1★ + positive
958,الأسعار مش وحشة لكن جودة الأكل سيئة لدرجة أننا رمينا بعض القطع زي ما هي لأنها حرفيا ما تتاكلش .. لا أنصح بالتجربة,1,قبل شهر,تشك تشكن,مطعم دجاج,google_maps,"[""price"", ""food""]","{""price"": ""positive"", ""food"": ""negative""}",price,positive,food_beverage,الاسعار مش وحشة لكن جودة الاكل سيئة لدرجة اننا رمينا بعض القطع زي ما هي لانها حرفيا ما تتاكلش .. لا انصح بالتجربة,23,113,1★ + positive
6511,كنت حاجزه قبل كده ولكن لم يتم مجيء السواق في الميعاد المحدد ولم يتم الاتصال بي وكانت المواصله ب7 درهم وأصبحت كغرامه 13 درهم ودفعتهم بعدها حاولت اكتر من مره حجز عن طريق الابلكيشين لكن في كل مره يبعت تم الرفض,5,2026-03-13 00:00:00,Careem,transport,play_store,"[""service"", ""price"", ""app_experience""]","{""service"": ""negative"", ""price"": ""negative"", ""app_experience"": ""negative""}",service,negative,transport,كنت حاجزه قبل كده ولكن لم يتم مجيء السواق في الميعاد المحدد ولم يتم الاتصال بي وكانت المواصله ب7 درهم واصبحت كغرامه 13 درهم ودفعتهم بعدها حاولت اكتر من مره حجز عن طريق الابلكيشين لكن في كل مره يبعت تم الرفض,41,206,5★ + negative
6511,كنت حاجزه قبل كده ولكن لم يتم مجيء السواق في الميعاد المحدد ولم يتم الاتصال بي وكانت المواصله ب7 درهم وأصبحت كغرامه 13 درهم ودفعتهم بعدها حاولت اكتر من مره حجز عن طريق الابلكيشين لكن في كل مره يبعت تم الرفض,5,2026-03-13 00:00:00,Careem,transport,play_store,"[""service"", ""price"", ""app_experience""]","{""service"": ""negative"", ""price"": ""negative"", ""app_experience"": ""negative""}",price,negative,transport,كنت حاجزه قبل كده ولكن لم يتم مجيء السواق في الميعاد المحدد ولم يتم الاتصال بي وكانت المواصله ب7 درهم واصبحت كغرامه 13 درهم ودفعتهم بعدها حاولت اكتر من مره حجز عن طريق الابلكيشين لكن في كل مره يبعت تم الرفض,41,206,5★ + negative
6511,كنت حاجزه قبل كده ولكن لم يتم مجيء السواق في الميعاد المحدد ولم يتم الاتصال بي وكانت المواصله ب7 درهم وأصبحت كغرامه 13 درهم ودفعتهم بعدها حاولت اكتر من مره حجز عن طريق الابلكيشين لكن في كل مره يبعت تم الرفض,5,2026-03-13 00:00:00,Careem,transport,play_store,"[""service"", ""price"", ""app_experience""]","{""service"": ""negative"", ""price"": ""negative"", ""app_experience"": ""negative""}",app_experience,negative,transport,كنت حاجزه قبل كده ولكن لم يتم مجيء السواق في الميعاد المحدد ولم يتم الاتصال بي وكانت المواصله ب7 درهم واصبحت كغرامه 13 درهم ودفعتهم بعدها حاولت اكتر من مره حجز عن طريق الابلكيشين لكن في كل مره يبعت تم الرفض,41,206,5★ + negative
2933,مطعم جميل اطلاله جميله واكل لذيذ جداً يعيبه فقط التأخير في الطلبات + الكراسي تحتاج للإهتمام والتجديد في المنطقه المفتوحه,5,قبل شهرين,قديمو,مطعم,google_maps,"[""ambiance"", ""food"", ""service""]","{""ambiance"": ""positive"", ""food"": ""positive"", ""service"": ""negative""}",service,negative,food_beverage,مطعم جميل اطلاله جميله واكل لذيذ جدا يعيبه فقط التاخير في الطلبات + الكراسي تحتاج للاهتمام والتجديد في المنطقه المفتوحه,20,119,5★ + negative
3029,"المكان كويس بس اكتر شي دايقني هو ازاي كل واحد من العاملين عايز يطلع ببقشيش من ورا الزباين .
دا اكتر حاجه خلتني اكره المكان .",1,قبل 3 أشهر,ذا بلكون كافيه الشيخ زايد,مطعم مأكولات ومشروبات,google_maps,"[""ambiance"", ""service""]","{""ambiance"": ""positive"", ""service"": ""negative""}",ambiance,positive,food_beverage,المكان كويس بس اكتر شي دايقني هو ازاي كل واحد من العاملين عايز يطلع ببقشيش من ورا الزباين . دا اكتر حاجه خلتني اكره المكان .,26,124,1★ + positive
6225,للأسف الخدمة مش ثابته طوال ال 3 سنين اللي فاتو حصلي مشاكل كتير اوي سواء من اوردرات متأخرة او توصلي باردة او حتى اوردرات مش بيتعين لها مندوب اصلا وهي في المطعم جاهزة بجد مش راضي عن الخدمة تماما بالرغم من كفائة خدمة المساعدة عندهم بس الابلكيشن مش بيحاول تماما يصلح اي مشكله وحتى الاسعار اللي موجودة في الابلكيشن مش نفسها اسعار المطعم اصلا وبتكون اعلى ومع خدمة توصيل بالرغم من ان مطعم مثلا يكون جنبي ممكن يوصلولي اوردر ب 50 ج بالرغم لو طلبت من المطعم هيكون ارخص والتوصيل حتى بالكتير هيبقا 25 ج,2,2026-03-08 00:00:00,Elmenus,food_delivery,play_store,"[""service"", ""delivery"", ""app_experience"", ""price""]","{""service"": ""positive"", ""delivery"": ""negative"", ""app_experience"": ""negative"", ""price"": ""negative""}",service,positive,digital,للاسف الخدمة مش ثابته طوال ال 3 سنين اللي فاتو حصلي مشاكل كتير اوي سواء من اوردرات متاخرة او توصلي باردة او حتى اوردرات مش بيتعين لها مندوب اصلا وهي في المطعم جاهزة بجد مش راضي عن الخدمة تماما بالرغم من كفائة خدمة المساعدة عندهم بس الابلكيشن مش بيحاول تماما يصلح اي مشكله وحتى الاسعار اللي موجودة في الابلكيشن مش نفسها اسعار المطعم اصلا وبتكون اعلى ومع خدمة توصيل بالرغم من ان مطعم مثلا يكون جنبي ممكن يوصلولي اوردر ب 50 ج بالرغم لو طلبت من المطعم هيكون ارخص والتوصيل حتى بالكتير هيبقا 25 ج,95,490,2★ + positive
3358,"طلبت اوردر و طلب كبير
الجبنة طماطم كانت حمضانة وحشة اوي
طلبت فول محوج ولا فيه ريحة تحويج وحش جدا
الطعمية نسيت تتحط فى شنطة بس كان متعاون و جيبهالى و الطعمية حلوة و بابا غنوج كان حلو
لكن فول سئ جدا جدا فوق وصف و الجبنة خصوصا وحشة اوي
لو تجربة مكررهاش تاني خصوصا انه محل فول و ده اهم حاجة",1,قبل 4 أشهر,مطعم المصطفى,مطعم,google_maps,"[""food"", ""service""]","{""food"": ""negative"", ""service"": ""positive""}",service,positive,food_beverage,طلبت اوردر و طلب كبير الجبنة طماطم كانت حمضانة وحشة اوي طلبت فول محوج ولا فيه ريحة تحويج وحش جدا الطعمية نسيت تتحط فى شنطة بس كان متعاون و جيبهالى و الطعمية حلوة و بابا غنوج كان حلو لكن فول سئ جدا جدا فوق وصف و الجبنة خصوصا وحشة اوي لو تجربة مكررهاش تاني خصوصا انه محل فول و ده اهم حاجة,62,286,1★ + positive
7758,مش اصل مش راضي يدخلني,5,2026-03-06 00:00:00,Amazon,ecommerce,play_store,"[""app_experience""]","{""app_experience"": ""negative""}",app_experience,negative,digital,مش اصل مش راضي يدخلني,5,21,5★ + negative
2816,ممتاز ولاكن كم الشحاتين غير طبيعي,4,قبل 4 أشهر,Zulu in Cairo,مطعم مأكولات من جنوب إفريقيا,google_maps,"[""ambiance""]","{""ambiance"": ""negative""}",ambiance,negative,food_beverage,ممتاز ولاكن كم الشحاتين غير طبيعي,6,33,4★ + negative
6239,ناس محترمه مع ان المطاعم محدوده بس خصومات كتير,5,2026-01-20 00:00:00,Elmenus,food_delivery,play_store,"[""service"", ""app_experience"", ""price""]","{""service"": ""positive"", ""price"": ""positive"", ""app_experience"": ""negative""}",app_experience,negative,digital,ناس محترمه مع ان المطاعم محدوده بس خصومات كتير,9,46,5★ + negative
2440,اكمل سوق بالمنتجات اللي يحتاجها السائح الخليجي وفيه ملحوظه صغننه الأسعار عاليه,4,تاريخ التعديل: قبل شهر,سعودى سوبر ماركت الزمالك,سوبرماركت,google_maps,"[""price""]","{""price"": ""negative""}",price,negative,retail,اكمل سوق بالمنتجات اللي يحتاجها السائح الخليجي وفيه ملحوظه صغننه الاسعار عاليه,12,78,4★ + negative
4121,رخيص ويمشي الوضع لكن خدماته سيئة والفرش قديم ولا انصح كثيرا .,2,قبل 9 أشهر,Bella Hostel,فندق,google_maps,"[""price"", ""service"", ""ambiance""]","{""price"": ""positive"", ""service"": ""negative"", ""ambiance"": ""negative""}",price,positive,hospitality,رخيص ويمشي الوضع لكن خدماته سيئة والفرش قديم ولا انصح كثيرا .,12,61,2★ + positive
2048,"للاسف نقص نجمه بسبب صوت الاغاني عااااالي. واغاني غربيه فيها كمية صراخ غير عادي بلغناهم قالوا السيستم 🤔
الخدمه ممتازه. الاكل لذيذ بس كان منتهي واخذنا كتف كان ناشف شويه لكن لذيذ🇸🇦",4,قبل شهرين,مطعم ميت موت مدينة الشيخ زايد,مطعم,google_maps,"[""ambiance"", ""service"", ""food""]","{""ambiance"": ""negative"", ""service"": ""positive"", ""food"": ""negative""}",ambiance,negative,food_beverage,للاسف نقص نجمه بسبب صوت الاغاني عاالي. واغاني غربيه فيها كمية صراخ غير عادي بلغناهم قالوا السيستم 🤔 الخدمه ممتازه. الاكل لذيذ بس كان منتهي واخذنا كتف كان ناشف شويه لكن لذيذ🇸🇦,32,174,4★ + negative
2048,"للاسف نقص نجمه بسبب صوت الاغاني عااااالي. واغاني غربيه فيها كمية صراخ غير عادي بلغناهم قالوا السيستم 🤔
الخدمه ممتازه. الاكل لذيذ بس كان منتهي واخذنا كتف كان ناشف شويه لكن لذيذ🇸🇦",4,قبل شهرين,مطعم ميت موت مدينة الشيخ زايد,مطعم,google_maps,"[""ambiance"", ""service"", ""food""]","{""ambiance"": ""negative"", ""service"": ""positive"", ""food"": ""negative""}",food,negative,food_beverage,للاسف نقص نجمه بسبب صوت الاغاني عاالي. واغاني غربيه فيها كمية صراخ غير عادي بلغناهم قالوا السيستم 🤔 الخدمه ممتازه. الاكل لذيذ بس كان منتهي واخذنا كتف كان ناشف شويه لكن لذيذ🇸🇦,32,174,4★ + negative
9295,واااااااااااااااااااعر بزاااااااااااااااااااااااااف ولكن فيه عيب واحد هو أنه مكيخدش بلا ويفي ولكن واعر,5,2026-03-02 00:00:00,Spotify,entertainment,play_store,"[""app_experience""]","{""app_experience"": ""negative""}",app_experience,negative,entertainment,وااعر بزااف ولكن فيه عيب واحد هو انه مكيخدش بلا ويفي ولكن واعر,13,62,5★ + negative
4035,"طعم خرافة اسعار روعة
الزحام هو المشكلة الوحيدة",5,قبل سنة,فول زمان,مطعم فلافل,google_maps,"[""food"", ""price"", ""ambiance""]","{""food"": ""positive"", ""price"": ""positive"", ""ambiance"": ""negative""}",ambiance,negative,food_beverage,طعم خرافة اسعار روعة الزحام هو المشكلة الوحيدة,8,46,5★ + negative
6530,بصراحه كنت بحبو جدا جدا والناس كانت محترمه بس ف مره السواق هو اللى لغى الرحله وخلانى ف الشارع وقت طويل جدا وكمان حط فلوس عليا ومش عارفه اتعامل مع اللابلكيش بقالى سنه,1,2026-03-10 00:00:00,Careem,transport,play_store,"[""service"", ""delivery"", ""price"", ""app_experience""]","{""service"": ""positive"", ""delivery"": ""negative"", ""price"": ""negative"", ""app_experience"": ""negative""}",service,positive,transport,بصراحه كنت بحبو جدا جدا والناس كانت محترمه بس ف مره السواق هو اللى لغى الرحله وخلانى ف الشارع وقت طويل جدا وكمان حط فلوس عليا ومش عارفه اتعامل مع اللابلكيش بقالى سنه,33,165,1★ + positive
